sampler,regime,scorer,N,K,n_rows,exact_selected_real,exact_selected_real_se,exact_selected_real_ci_low,exact_selected_real_ci_high,exact_selected_max_coverage,exact_selected_max_coverage_se,exact_selected_max_coverage_ci_low,exact_selected_max_coverage_ci_high,exact_selected_final_coverage,exact_selected_final_coverage_se,exact_selected_final_coverage_ci_low,exact_selected_final_coverage_ci_high,exact_selected_success,exact_selected_success_se,exact_selected_success_ci_low,exact_selected_success_ci_high
consistency_1step,pusht_aligned,behavior_cloning_critic,1,1,1,0.29935809672082325,0.0,0.29935809672082325,0.29935809672082325,0.3176947904464092,0.0,0.3176947904464092,0.3176947904464092,0.2635555343591792,0.0,0.2635555343591792,0.2635555343591792,0.0,0.0,0.0,0.0
consistency_1step,pusht_aligned,behavior_cloning_critic,2,1,1,0.29512534976533406,0.0,0.29512534976533406,0.29512534976533406,0.31398333253816113,0.0,0.31398333253816113,0.31398333253816113,0.26523975265895644,0.0,0.26523975265895644,0.26523975265895644,0.0,0.0,0.0,0.0
consistency_1step,pusht_aligned,behavior_cloning_critic,4,1,1,0.28981775064608606,0.0,0.28981775064608606,0.28981775064608606,0.30799973383256946,0.0,0.30799973383256946,0.30799973383256946,0.2454046320177797,0.0,0.2454046320177797,0.2454046320177797,0.0,0.0,0.0,0.0
consistency_1step,pusht_aligned,behavior_cloning_critic,8,1,1,0.28452250894498954,0.0,0.28452250894498954,0.28452250894498954,0.3025236941410227,0.0,0.3025236941410227,0.3025236941410227,0.20561305730601132,0.0,0.20561305730601132,0.20561305730601132,0.0,0.0,0.0,0.0
consistency_1step,pusht_aligned,diffusion_internal_score,1,1,1,0.29935809672082325,0.0,0.29935809672082325,0.29935809672082325,0.3176947904464092,0.0,0.3176947904464092,0.3176947904464092,0.2635555343591792,0.0,0.2635555343591792,0.2635555343591792,0.0,0.0,0.0,0.0
consistency_1step,pusht_aligned,diffusion_internal_score,2,1,1,0.31887991937252125,0.0,0.31887991937252125,0.31887991937252125,0.3395874041595085,0.0,0.3395874041595085,0.3395874041595085,0.25976224366910083,0.0,0.25976224366910083,0.25976224366910083,0.0,0.0,0.0,0.0
consistency_1step,pusht_aligned,diffusion_internal_score,4,1,1,0.3273328448051865,0.0,0.3273328448051865,0.3273328448051865,0.35097935566348387,0.0,0.35097935566348387,0.35097935566348387,0.2613027435003148,0.0,0.2613027435003148,0.2613027435003148,0.0,0.0,0.0,0.0
consistency_1step,pusht_aligned,diffusion_internal_score,8,1,1,0.3302141451609759,0.0,0.3302141451609759,0.3302141451609759,0.35668112625181625,0.0,0.35668112625181625,0.35668112625181625,0.2916501456449695,0.0,0.2916501456449695,0.2916501456449695,0.0,0.0,0.0,0.0
consistency_1step,pusht_aligned,learned_value_critic_from_pilot_rollouts,1,1,1,0.2993580967208233,0.0,0.2993580967208233,0.2993580967208233,0.3176947904464092,0.0,0.3176947904464092,0.3176947904464092,0.2635555343591792,0.0,0.2635555343591792,0.2635555343591792,0.0,0.0,0.0,0.0
consistency_1step,pusht_aligned,learned_value_critic_from_pilot_rollouts,2,1,1,0.3117399023935977,0.0,0.3117399023935977,0.3117399023935977,0.3318079485819522,0.0,0.3318079485819522,0.3318079485819522,0.24912905793684822,0.0,0.24912905793684822,0.24912905793684822,0.0,0.0,0.0,0.0
consistency_1step,pusht_aligned,learned_value_critic_from_pilot_rollouts,4,1,1,0.3271060976634468,0.0,0.3271060976634468,0.3271060976634468,0.3496268241084065,0.0,0.3496268241084065,0.3496268241084065,0.2269378187877076,0.0,0.2269378187877076,0.2269378187877076,0.0,0.0,0.0,0.0
consistency_1step,pusht_aligned,learned_value_critic_from_pilot_rollouts,8,1,1,0.34172708512383065,0.0,0.34172708512383065,0.34172708512383065,0.36581808390490095,0.0,0.36581808390490095,0.36581808390490095,0.18297126758578242,0.0,0.18297126758578242,0.18297126758578242,0.0,0.0,0.0,0.0
consistency_1step,pusht_aligned,misaligned_corner_scorer,1,1,1,0.2993580967208233,0.0,0.2993580967208233,0.2993580967208233,0.3176947904464092,0.0,0.3176947904464092,0.3176947904464092,0.2635555343591792,0.0,0.2635555343591792,0.2635555343591792,0.0,0.0,0.0,0.0
consistency_1step,pusht_aligned,misaligned_corner_scorer,2,1,1,0.3041548354643231,0.0,0.3041548354643231,0.3041548354643231,0.3237231592100506,0.0,0.3237231592100506,0.3237231592100506,0.25026733875535745,0.0,0.25026733875535745,0.25026733875535745,0.0,0.0,0.0,0.0
consistency_1step,pusht_aligned,misaligned_corner_scorer,4,1,1,0.32417350817039914,0.0,0.32417350817039914,0.32417350817039914,0.34569307042363595,0.0,0.34569307042363595,0.34569307042363595,0.2287684839719438,0.0,0.2287684839719438,0.2287684839719438,0.0,0.0,0.0,0.0
consistency_1step,pusht_aligned,misaligned_corner_scorer,8,1,1,0.34220403852642306,0.0,0.34220403852642306,0.34220403852642306,0.3656459717127821,0.0,0.3656459717127821,0.3656459717127821,0.1833156450726005,0.0,0.1833156450726005,0.1833156450726005,0.0,0.0,0.0,0.0
consistency_1step,pusht_aligned,oracle_real_utility_selector,1,1,1,0.29935809672082325,0.0,0.29935809672082325,0.29935809672082325,0.3176947904464092,0.0,0.3176947904464092,0.3176947904464092,0.2635555343591792,0.0,0.2635555343591792,0.2635555343591792,0.0,0.0,0.0,0.0
consistency_1step,pusht_aligned,oracle_real_utility_selector,2,1,1,0.32527711236910395,0.0,0.32527711236910395,0.32527711236910395,0.34450538432650135,0.0,0.34450538432650135,0.34450538432650135,0.27074977260799943,0.0,0.27074977260799943,0.27074977260799943,0.0,0.0,0.0,0.0
consistency_1step,pusht_aligned,oracle_real_utility_selector,4,1,1,0.3449229042734887,0.0,0.3449229042734887,0.3449229042734887,0.36448813206789754,0.0,0.36448813206789754,0.36448813206789754,0.2824593376942679,0.0,0.2824593376942679,0.2824593376942679,0.0,0.0,0.0,0.0
consistency_1step,pusht_aligned,oracle_real_utility_selector,8,1,1,0.35572828840740883,0.0,0.35572828840740883,0.35572828840740883,0.37422511040007617,0.0,0.37422511040007617,0.37422511040007617,0.3062363860409205,0.0,0.3062363860409205,0.3062363860409205,0.0,0.0,0.0,0.0
consistency_1step,pusht_aligned,random_sample_selection,1,1,1,0.29935809672082325,0.0,0.29935809672082325,0.29935809672082325,0.31769479044640925,0.0,0.31769479044640925,0.31769479044640925,0.2635555343591792,0.0,0.2635555343591792,0.2635555343591792,0.0,0.0,0.0,0.0
consistency_1step,pusht_aligned,random_sample_selection,2,1,1,0.29050850633852876,0.0,0.29050850633852876,0.29050850633852876,0.308236472387723,0.0,0.308236472387723,0.308236472387723,0.28186470258310603,0.0,0.28186470258310603,0.28186470258310603,0.0,0.0,0.0,0.0
consistency_1step,pusht_aligned,random_sample_selection,4,1,1,0.27502403843664325,0.0,0.27502403843664325,0.27502403843664325,0.29200924964379465,0.0,0.29200924964379465,0.29200924964379465,0.2781205259796922,0.0,0.2781205259796922,0.2781205259796922,0.0,0.0,0.0,0.0
consistency_1step,pusht_aligned,random_sample_selection,8,1,1,0.2525032758657237,0.0,0.2525032758657237,0.2525032758657237,0.2686259453826342,0.0,0.2686259453826342,0.2686259453826342,0.26572308170458553,0.0,0.26572308170458553,0.26572308170458553,0.0,0.0,0.0,0.0
consistency_1step,pusht_aligned,uncertainty_aware_critic,1,1,1,0.29935809672082325,0.0,0.29935809672082325,0.29935809672082325,0.3176947904464092,0.0,0.3176947904464092,0.3176947904464092,0.2635555343591792,0.0,0.2635555343591792,0.2635555343591792,0.0,0.0,0.0,0.0
consistency_1step,pusht_aligned,uncertainty_aware_critic,2,1,1,0.30921834199446707,0.0,0.30921834199446707,0.30921834199446707,0.3298188027336028,0.0,0.3298188027336028,0.3298188027336028,0.2425283769932934,0.0,0.2425283769932934,0.2425283769932934,0.0,0.0,0.0,0.0
consistency_1step,pusht_aligned,uncertainty_aware_critic,4,1,1,0.32473225640751674,0.0,0.32473225640751674,0.32473225640751674,0.3479183512368377,0.0,0.3479183512368377,0.3479183512368377,0.21823998803746805,0.0,0.21823998803746805,0.21823998803746805,0.0,0.0,0.0,0.0
consistency_1step,pusht_aligned,uncertainty_aware_critic,8,1,1,0.3413454316054019,0.0,0.3413454316054019,0.3413454316054019,0.36561884314353993,0.0,0.36561884314353993,0.36561884314353993,0.18043133993033744,0.0,0.18043133993033744,0.18043133993033744,0.0,0.0,0.0,0.0
consistency_1step,pusht_high_temp_misaligned,behavior_cloning_critic,1,1,1,0.05881532914937667,0.0,0.05881532914937667,0.05881532914937667,0.09743396904195478,0.0,0.09743396904195478,0.09743396904195478,0.06305809695047772,0.0,0.06305809695047772,0.06305809695047772,0.0,0.0,0.0,0.0
consistency_1step,pusht_high_temp_misaligned,behavior_cloning_critic,2,1,1,0.10471806981100516,0.0,0.10471806981100516,0.10471806981100516,0.13888085261740163,0.0,0.13888085261740163,0.13888085261740163,0.10140201606399012,0.0,0.10140201606399012,0.10140201606399012,0.0,0.0,0.0,0.0
consistency_1step,pusht_high_temp_misaligned,behavior_cloning_critic,4,1,1,0.1615829162739935,0.0,0.1615829162739935,0.1615829162739935,0.19201857258264446,0.0,0.19201857258264446,0.19201857258264446,0.14774367584471096,0.0,0.14774367584471096,0.14774367584471096,0.0,0.0,0.0,0.0
consistency_1step,pusht_high_temp_misaligned,behavior_cloning_critic,8,1,1,0.2254949979129263,0.0,0.2254949979129263,0.2254949979129263,0.25358210215449245,0.0,0.25358210215449245,0.25358210215449245,0.19466257700951667,0.0,0.19466257700951667,0.19466257700951667,0.0,0.0,0.0,0.0
consistency_1step,pusht_high_temp_misaligned,diffusion_internal_score,1,1,1,0.05881532914937666,0.0,0.05881532914937666,0.05881532914937666,0.09743396904195478,0.0,0.09743396904195478,0.09743396904195478,0.06305809695047772,0.0,0.06305809695047772,0.06305809695047772,0.0,0.0,0.0,0.0
consistency_1step,pusht_high_temp_misaligned,diffusion_internal_score,2,1,1,0.03758304641586803,0.0,0.03758304641586803,0.03758304641586803,0.07190853533798718,0.0,0.07190853533798718,0.07190853533798718,0.03596742004549089,0.0,0.03596742004549089,0.03596742004549089,0.0,0.0,0.0,0.0
consistency_1step,pusht_high_temp_misaligned,diffusion_internal_score,4,1,1,0.038327371382317364,0.0,0.038327371382317364,0.038327371382317364,0.06876478759869081,0.0,0.06876478759869081,0.06876478759869081,0.020680334102607018,0.0,0.020680334102607018,0.020680334102607018,0.0,0.0,0.0,0.0
consistency_1step,pusht_high_temp_misaligned,diffusion_internal_score,8,1,1,0.04154953781702677,0.0,0.04154953781702677,0.04154953781702677,0.07026268006350653,0.0,0.07026268006350653,0.07026268006350653,0.005369493172771408,0.0,0.005369493172771408,0.005369493172771408,0.0,0.0,0.0,0.0
consistency_1step,pusht_high_temp_misaligned,learned_value_critic_from_pilot_rollouts,1,1,1,0.05881532914937667,0.0,0.05881532914937667,0.05881532914937667,0.09743396904195478,0.0,0.09743396904195478,0.09743396904195478,0.06305809695047772,0.0,0.06305809695047772,0.06305809695047772,0.0,0.0,0.0,0.0
consistency_1step,pusht_high_temp_misaligned,learned_value_critic_from_pilot_rollouts,2,1,1,0.09979149200416838,0.0,0.09979149200416838,0.09979149200416838,0.12812078903175625,0.0,0.12812078903175625,0.12812078903175625,0.08492011994309036,0.0,0.08492011994309036,0.08492011994309036,0.0,0.0,0.0,0.0
consistency_1step,pusht_high_temp_misaligned,learned_value_critic_from_pilot_rollouts,4,1,1,0.11452321934309351,0.0,0.11452321934309351,0.11452321934309351,0.13964413325348246,0.0,0.13964413325348246,0.13964413325348246,0.09153276975641422,0.0,0.09153276975641422,0.09153276975641422,0.0,0.0,0.0,0.0
consistency_1step,pusht_high_temp_misaligned,learned_value_critic_from_pilot_rollouts,8,1,1,0.08819927251681665,0.0,0.08819927251681665,0.08819927251681665,0.11289856887291733,0.0,0.11289856887291733,0.11289856887291733,0.0695909663436156,0.0,0.0695909663436156,0.0695909663436156,0.0,0.0,0.0,0.0
consistency_1step,pusht_high_temp_misaligned,misaligned_corner_scorer,1,1,1,0.05881532914937668,0.0,0.05881532914937668,0.05881532914937668,0.09743396904195478,0.0,0.09743396904195478,0.09743396904195478,0.06305809695047772,0.0,0.06305809695047772,0.06305809695047772,0.0,0.0,0.0,0.0
consistency_1step,pusht_high_temp_misaligned,misaligned_corner_scorer,2,1,1,0.01583798107338598,0.0,0.01583798107338598,0.01583798107338598,0.06183683138466528,0.0,0.06183683138466528,0.06183683138466528,0.03204111818198503,0.0,0.03204111818198503,0.03204111818198503,0.0,0.0,0.0,0.0
consistency_1step,pusht_high_temp_misaligned,misaligned_corner_scorer,4,1,1,-0.012398012729934321,0.0,-0.012398012729934321,-0.012398012729934321,0.043918766596981414,0.0,0.043918766596981414,0.043918766596981414,0.016838325086564958,0.0,0.016838325086564958,0.016838325086564958,0.0,0.0,0.0,0.0
consistency_1step,pusht_high_temp_misaligned,misaligned_corner_scorer,8,1,1,-0.040307342801861774,0.0,-0.040307342801861774,-0.040307342801861774,0.03129660884063275,0.0,0.03129660884063275,0.03129660884063275,0.012891915752682753,0.0,0.012891915752682753,0.012891915752682753,0.0,0.0,0.0,0.0
consistency_1step,pusht_high_temp_misaligned,oracle_real_utility_selector,1,1,1,0.05881532914937666,0.0,0.05881532914937666,0.05881532914937666,0.09743396904195478,0.0,0.09743396904195478,0.09743396904195478,0.06305809695047772,0.0,0.06305809695047772,0.06305809695047772,0.0,0.0,0.0,0.0
consistency_1step,pusht_high_temp_misaligned,oracle_real_utility_selector,2,1,1,0.12152289157023123,0.0,0.12152289157023123,0.12152289157023123,0.14954454821695973,0.0,0.14954454821695973,0.14954454821695973,0.10626667349838782,0.0,0.10626667349838782,0.10626667349838782,0.0,0.0,0.0,0.0
consistency_1step,pusht_high_temp_misaligned,oracle_real_utility_selector,4,1,1,0.19458168540911167,0.0,0.19458168540911167,0.19458168540911167,0.21876159052471605,0.0,0.21876159052471605,0.21876159052471605,0.16748309737595965,0.0,0.16748309737595965,0.16748309737595965,0.0,0.0,0.0,0.0
consistency_1step,pusht_high_temp_misaligned,oracle_real_utility_selector,8,1,1,0.2641552506081293,0.0,0.2641552506081293,0.2641552506081293,0.28699085052888507,0.0,0.28699085052888507,0.28699085052888507,0.22705911781592591,0.0,0.22705911781592591,0.22705911781592591,0.0,0.0,0.0,0.0
consistency_1step,pusht_high_temp_misaligned,random_sample_selection,1,1,1,0.05881532914937667,0.0,0.05881532914937667,0.05881532914937667,0.09743396904195478,0.0,0.09743396904195478,0.09743396904195478,0.06305809695047772,0.0,0.06305809695047772,0.06305809695047772,0.0,0.0,0.0,0.0
consistency_1step,pusht_high_temp_misaligned,random_sample_selection,2,1,1,0.08985519516111076,0.0,0.08985519516111076,0.08985519516111076,0.1236443370983666,0.0,0.1236443370983666,0.1236443370983666,0.08253167937041471,0.0,0.08253167937041471,0.08253167937041471,0.0,0.0,0.0,0.0
consistency_1step,pusht_high_temp_misaligned,random_sample_selection,4,1,1,0.10016715147954332,0.0,0.10016715147954332,0.10016715147954332,0.1303580952561508,0.0,0.1303580952561508,0.1303580952561508,0.0820516755740872,0.0,0.0820516755740872,0.0820516755740872,0.0,0.0,0.0,0.0
consistency_1step,pusht_high_temp_misaligned,random_sample_selection,8,1,1,0.0881022729928976,0.0,0.0881022729928976,0.0881022729928976,0.11711928883780279,0.0,0.11711928883780279,0.11711928883780279,0.05698559742085097,0.0,0.05698559742085097,0.05698559742085097,0.0,0.0,0.0,0.0
consistency_1step,pusht_high_temp_misaligned,uncertainty_aware_critic,1,1,1,0.05881532914937667,0.0,0.05881532914937667,0.05881532914937667,0.09743396904195478,0.0,0.09743396904195478,0.09743396904195478,0.06305809695047772,0.0,0.06305809695047772,0.06305809695047772,0.0,0.0,0.0,0.0
consistency_1step,pusht_high_temp_misaligned,uncertainty_aware_critic,2,1,1,0.09979149200416838,0.0,0.09979149200416838,0.09979149200416838,0.12812078903175625,0.0,0.12812078903175625,0.12812078903175625,0.08492011994309036,0.0,0.08492011994309036,0.08492011994309036,0.0,0.0,0.0,0.0
consistency_1step,pusht_high_temp_misaligned,uncertainty_aware_critic,4,1,1,0.11452321934309351,0.0,0.11452321934309351,0.11452321934309351,0.13964413325348246,0.0,0.13964413325348246,0.13964413325348246,0.09153276975641422,0.0,0.09153276975641422,0.09153276975641422,0.0,0.0,0.0,0.0
consistency_1step,pusht_high_temp_misaligned,uncertainty_aware_critic,8,1,1,0.08819927251681665,0.0,0.08819927251681665,0.08819927251681665,0.11289856887291733,0.0,0.11289856887291733,0.11289856887291733,0.0695909663436156,0.0,0.0695909663436156,0.0695909663436156,0.0,0.0,0.0,0.0
consistency_1step,pusht_low_diversity,behavior_cloning_critic,1,1,1,-0.001773841979980469,0.0,-0.001773841979980469,-0.001773841979980469,0.0,0.0,0.0,0.0,0.0,0.0,0.0,0.0,0.0,0.0,0.0,0.0
consistency_1step,pusht_low_diversity,behavior_cloning_critic,2,1,1,-0.0017701144714355468,0.0,-0.0017701144714355468,-0.0017701144714355468,0.0,0.0,0.0,0.0,0.0,0.0,0.0,0.0,0.0,0.0,0.0,0.0
consistency_1step,pusht_low_diversity,behavior_cloning_critic,4,1,1,-0.0017455315222740173,0.0,-0.0017455315222740173,-0.0017455315222740173,0.0,0.0,0.0,0.0,0.0,0.0,0.0,0.0,0.0,0.0,0.0,0.0
consistency_1step,pusht_low_diversity,behavior_cloning_critic,8,1,1,-0.0017399598410251784,0.0,-0.0017399598410251784,-0.0017399598410251784,0.0,0.0,0.0,0.0,0.0,0.0,0.0,0.0,0.0,0.0,0.0,0.0
consistency_1step,pusht_low_diversity,diffusion_internal_score,1,1,1,-0.001773841979980469,0.0,-0.001773841979980469,-0.001773841979980469,0.0,0.0,0.0,0.0,0.0,0.0,0.0,0.0,0.0,0.0,0.0,0.0
consistency_1step,pusht_low_diversity,diffusion_internal_score,2,1,1,-0.001742214317321777,0.0,-0.001742214317321777,-0.001742214317321777,0.0,0.0,0.0,0.0,0.0,0.0,0.0,0.0,0.0,0.0,0.0,0.0
consistency_1step,pusht_low_diversity,diffusion_internal_score,4,1,1,-0.0017083719463348388,0.0,-0.0017083719463348388,-0.0017083719463348388,0.0,0.0,0.0,0.0,0.0,0.0,0.0,0.0,0.0,0.0,0.0,0.0
consistency_1step,pusht_low_diversity,diffusion_internal_score,8,1,1,-0.0016514479181687345,0.0,-0.0016514479181687345,-0.0016514479181687345,0.0,0.0,0.0,0.0,0.0,0.0,0.0,0.0,0.0,0.0,0.0,0.0
consistency_1step,pusht_low_diversity,learned_value_critic_from_pilot_rollouts,1,1,1,-0.001773841979980469,0.0,-0.001773841979980469,-0.001773841979980469,0.0,0.0,0.0,0.0,0.0,0.0,0.0,0.0,0.0,0.0,0.0,0.0
consistency_1step,pusht_low_diversity,learned_value_critic_from_pilot_rollouts,2,1,1,-0.0017266146583557126,0.0,-0.0017266146583557126,-0.0017266146583557126,0.0,0.0,0.0,0.0,0.0,0.0,0.0,0.0,0.0,0.0,0.0,0.0
consistency_1step,pusht_low_diversity,learned_value_critic_from_pilot_rollouts,4,1,1,-0.0016715132827162743,0.0,-0.0016715132827162743,-0.0016715132827162743,0.0,0.0,0.0,0.0,0.0,0.0,0.0,0.0,0.0,0.0,0.0,0.0
consistency_1step,pusht_low_diversity,learned_value_critic_from_pilot_rollouts,8,1,1,-0.0016047518362208354,0.0,-0.0016047518362208354,-0.0016047518362208354,0.0,0.0,0.0,0.0,0.0,0.0,0.0,0.0,0.0,0.0,0.0,0.0
consistency_1step,pusht_low_diversity,misaligned_corner_scorer,1,1,1,-0.0017738419799804685,0.0,-0.0017738419799804685,-0.0017738419799804685,0.0,0.0,0.0,0.0,0.0,0.0,0.0,0.0,0.0,0.0,0.0,0.0
consistency_1step,pusht_low_diversity,misaligned_corner_scorer,2,1,1,-0.0018213757514953615,0.0,-0.0018213757514953615,-0.0018213757514953615,0.0,0.0,0.0,0.0,0.0,0.0,0.0,0.0,0.0,0.0,0.0,0.0
consistency_1step,pusht_low_diversity,misaligned_corner_scorer,4,1,1,-0.001863316758453846,0.0,-0.001863316758453846,-0.001863316758453846,0.0,0.0,0.0,0.0,0.0,0.0,0.0,0.0,0.0,0.0,0.0,0.0
consistency_1step,pusht_low_diversity,misaligned_corner_scorer,8,1,1,-0.0018923069847801963,0.0,-0.0018923069847801963,-0.0018923069847801963,0.0,0.0,0.0,0.0,0.0,0.0,0.0,0.0,0.0,0.0,0.0,0.0
consistency_1step,pusht_low_diversity,oracle_real_utility_selector,1,1,1,-0.001773841979980469,0.0,-0.001773841979980469,-0.001773841979980469,0.0,0.0,0.0,0.0,0.0,0.0,0.0,0.0,0.0,0.0,0.0,0.0
consistency_1step,pusht_low_diversity,oracle_real_utility_selector,2,1,1,-0.0016943681640624998,0.0,-0.0016943681640624998,-0.0016943681640624998,0.0,0.0,0.0,0.0,0.0,0.0,0.0,0.0,0.0,0.0,0.0,0.0
consistency_1step,pusht_low_diversity,oracle_real_utility_selector,4,1,1,-0.0016257803387641906,0.0,-0.0016257803387641906,-0.0016257803387641906,0.0,0.0,0.0,0.0,0.0,0.0,0.0,0.0,0.0,0.0,0.0,0.0
consistency_1step,pusht_low_diversity,oracle_real_utility_selector,8,1,1,-0.0015751199788954107,0.0,-0.0015751199788954107,-0.0015751199788954107,0.0,0.0,0.0,0.0,0.0,0.0,0.0,0.0,0.0,0.0,0.0,0.0
consistency_1step,pusht_low_diversity,random_sample_selection,1,1,1,-0.0017738419799804687,0.0,-0.0017738419799804687,-0.0017738419799804687,0.0,0.0,0.0,0.0,0.0,0.0,0.0,0.0,0.0,0.0,0.0,0.0
consistency_1step,pusht_low_diversity,random_sample_selection,2,1,1,-0.0018067169227600096,0.0,-0.0018067169227600096,-0.0018067169227600096,0.0,0.0,0.0,0.0,0.0,0.0,0.0,0.0,0.0,0.0,0.0,0.0
consistency_1step,pusht_low_diversity,random_sample_selection,4,1,1,-0.0018589219868779183,0.0,-0.0018589219868779183,-0.0018589219868779183,0.0,0.0,0.0,0.0,0.0,0.0,0.0,0.0,0.0,0.0,0.0,0.0
consistency_1step,pusht_low_diversity,random_sample_selection,8,1,1,-0.001906729538548694,0.0,-0.001906729538548694,-0.001906729538548694,0.0,0.0,0.0,0.0,0.0,0.0,0.0,0.0,0.0,0.0,0.0,0.0
consistency_1step,pusht_low_diversity,uncertainty_aware_critic,1,1,1,-0.001773841979980469,0.0,-0.001773841979980469,-0.001773841979980469,0.0,0.0,0.0,0.0,0.0,0.0,0.0,0.0,0.0,0.0,0.0,0.0
consistency_1step,pusht_low_diversity,uncertainty_aware_critic,2,1,1,-0.0017957377853393551,0.0,-0.0017957377853393551,-0.0017957377853393551,0.0,0.0,0.0,0.0,0.0,0.0,0.0,0.0,0.0,0.0,0.0,0.0
consistency_1step,pusht_low_diversity,uncertainty_aware_critic,4,1,1,-0.0018038342589139938,0.0,-0.0018038342589139938,-0.0018038342589139938,0.0,0.0,0.0,0.0,0.0,0.0,0.0,0.0,0.0,0.0,0.0,0.0
consistency_1step,pusht_low_diversity,uncertainty_aware_critic,8,1,1,-0.001807776220675878,0.0,-0.001807776220675878,-0.001807776220675878,0.0,0.0,0.0,0.0,0.0,0.0,0.0,0.0,0.0,0.0,0.0,0.0
ddim_eps,pusht_aligned,behavior_cloning_critic,1,1,1,0.23264101400725226,0.0,0.23264101400725226,0.23264101400725226,0.2484197239071546,0.0,0.2484197239071546,0.2484197239071546,0.09657055908326605,0.0,0.09657055908326605,0.09657055908326605,0.0,0.0,0.0,0.0
ddim_eps,pusht_aligned,behavior_cloning_critic,1,8,1,0.3335751046926111,0.0,0.3335751046926111,0.3335751046926111,0.3471015878469079,0.0,0.3471015878469079,0.3471015878469079,0.30450066120448954,0.0,0.30450066120448954,0.30450066120448954,0.0,0.0,0.0,0.0
ddim_eps,pusht_aligned,behavior_cloning_critic,2,1,1,0.21619085800724475,0.0,0.21619085800724475,0.21619085800724475,0.23048426559238874,0.0,0.23048426559238874,0.23048426559238874,0.05901386084959947,0.0,0.05901386084959947,0.05901386084959947,0.0,0.0,0.0,0.0
ddim_eps,pusht_aligned,behavior_cloning_critic,2,8,1,0.32537260402381096,0.0,0.32537260402381096,0.32537260402381096,0.33768779028784907,0.0,0.33768779028784907,0.33768779028784907,0.2840260313812518,0.0,0.2840260313812518,0.2840260313812518,0.0,0.0,0.0,0.0
ddim_eps,pusht_aligned,behavior_cloning_critic,4,1,1,0.20075790738603091,0.0,0.20075790738603091,0.20075790738603091,0.2140062217403314,0.0,0.2140062217403314,0.2140062217403314,0.04280107860241341,0.0,0.04280107860241341,0.04280107860241341,0.0,0.0,0.0,0.0
ddim_eps,pusht_aligned,behavior_cloning_critic,4,8,1,0.30772252823322077,0.0,0.30772252823322077,0.30772252823322077,0.31912929130308887,0.0,0.31912929130308887,0.31912929130308887,0.25592264429911493,0.0,0.25592264429911493,0.25592264429911493,0.0,0.0,0.0,0.0
ddim_eps,pusht_aligned,behavior_cloning_critic,8,1,1,0.19108656336981555,0.0,0.19108656336981555,0.19108656336981555,0.20338840668537694,0.0,0.20338840668537694,0.20338840668537694,0.031165003044602336,0.0,0.031165003044602336,0.031165003044602336,0.0,0.0,0.0,0.0
ddim_eps,pusht_aligned,behavior_cloning_critic,8,8,1,0.28172756382080605,0.0,0.28172756382080605,0.28172756382080605,0.2914864787836786,0.0,0.2914864787836786,0.2914864787836786,0.20470455313177027,0.0,0.20470455313177027,0.20470455313177027,0.0,0.0,0.0,0.0
ddim_eps,pusht_aligned,diffusion_internal_score,1,1,1,0.23264101400725226,0.0,0.23264101400725226,0.23264101400725226,0.24841972390715458,0.0,0.24841972390715458,0.24841972390715458,0.09657055908326605,0.0,0.09657055908326605,0.09657055908326605,0.0,0.0,0.0,0.0
ddim_eps,pusht_aligned,diffusion_internal_score,1,8,1,0.3335751046926111,0.0,0.3335751046926111,0.3335751046926111,0.3471015878469079,0.0,0.3471015878469079,0.3471015878469079,0.3045006612044896,0.0,0.3045006612044896,0.3045006612044896,0.0,0.0,0.0,0.0
ddim_eps,pusht_aligned,diffusion_internal_score,2,1,1,0.20352373600346366,0.0,0.20352373600346366,0.20352373600346366,0.22028931370884697,0.0,0.22028931370884697,0.22028931370884697,0.059828464263533124,0.0,0.059828464263533124,0.059828464263533124,0.0,0.0,0.0,0.0
ddim_eps,pusht_aligned,diffusion_internal_score,2,8,1,0.32853293123210603,0.0,0.32853293123210603,0.32853293123210603,0.3402329875065201,0.0,0.3402329875065201,0.3402329875065201,0.2906677156235431,0.0,0.2906677156235431,0.2906677156235431,0.0,0.0,0.0,0.0
ddim_eps,pusht_aligned,diffusion_internal_score,4,1,1,0.1706025971983538,0.0,0.1706025971983538,0.1706025971983538,0.18952938047264672,0.0,0.18952938047264672,0.18952938047264672,0.025282695513613784,0.0,0.025282695513613784,0.025282695513613784,0.0,0.0,0.0,0.0
ddim_eps,pusht_aligned,diffusion_internal_score,4,8,1,0.31884689434076885,0.0,0.31884689434076885,0.31884689434076885,0.3302252093656216,0.0,0.3302252093656216,0.3302252093656216,0.2859008072361475,0.0,0.2859008072361475,0.2859008072361475,0.0,0.0,0.0,0.0
ddim_eps,pusht_aligned,diffusion_internal_score,8,1,1,0.15010274295651505,0.0,0.15010274295651505,0.15010274295651505,0.1723121684603335,0.0,0.1723121684603335,0.1723121684603335,0.008957920222234409,0.0,0.008957920222234409,0.008957920222234409,0.0,0.0,0.0,0.0
ddim_eps,pusht_aligned,diffusion_internal_score,8,8,1,0.3113947998173504,0.0,0.3113947998173504,0.3113947998173504,0.3231789571995573,0.0,0.3231789571995573,0.3231789571995573,0.2905224507917157,0.0,0.2905224507917157,0.2905224507917157,0.0,0.0,0.0,0.0
ddim_eps,pusht_aligned,learned_value_critic_from_pilot_rollouts,1,1,1,0.23264101400725223,0.0,0.23264101400725223,0.23264101400725223,0.24841972390715458,0.0,0.24841972390715458,0.24841972390715458,0.09657055908326605,0.0,0.09657055908326605,0.09657055908326605,0.0,0.0,0.0,0.0
ddim_eps,pusht_aligned,learned_value_critic_from_pilot_rollouts,1,8,1,0.3335751046926111,0.0,0.3335751046926111,0.3335751046926111,0.3471015878469079,0.0,0.3471015878469079,0.3471015878469079,0.3045006612044896,0.0,0.3045006612044896,0.3045006612044896,0.0,0.0,0.0,0.0
ddim_eps,pusht_aligned,learned_value_critic_from_pilot_rollouts,2,1,1,0.2689070593031454,0.0,0.2689070593031454,0.2689070593031454,0.28135859526048185,0.0,0.28135859526048185,0.28135859526048185,0.11279697664516816,0.0,0.11279697664516816,0.11279697664516816,0.0,0.0,0.0,0.0
ddim_eps,pusht_aligned,learned_value_critic_from_pilot_rollouts,2,8,1,0.3414252868751796,0.0,0.3414252868751796,0.3414252868751796,0.3565592622780117,0.0,0.3565592622780117,0.3565592622780117,0.3381266571737408,0.0,0.3381266571737408,0.3381266571737408,0.0,0.0,0.0,0.0
ddim_eps,pusht_aligned,learned_value_critic_from_pilot_rollouts,4,1,1,0.3090240225883893,0.0,0.3090240225883893,0.3090240225883893,0.3191593481071166,0.0,0.3191593481071166,0.3191593481071166,0.13787226821298693,0.0,0.13787226821298693,0.13787226821298693,0.0,0.0,0.0,0.0
ddim_eps,pusht_aligned,learned_value_critic_from_pilot_rollouts,4,8,1,0.33410758590159606,0.0,0.33410758590159606,0.33410758590159606,0.3494095713780899,0.0,0.3494095713780899,0.3494095713780899,0.3460494941247493,0.0,0.3460494941247493,0.3460494941247493,0.0,0.0,0.0,0.0
ddim_eps,pusht_aligned,learned_value_critic_from_pilot_rollouts,8,1,1,0.3591485041283735,0.0,0.3591485041283735,0.3591485041283735,0.3677548024523156,0.0,0.3677548024523156,0.3677548024523156,0.194759620414117,0.0,0.194759620414117,0.194759620414117,0.0,0.0,0.0,0.0
ddim_eps,pusht_aligned,learned_value_critic_from_pilot_rollouts,8,8,1,0.32493857650800695,0.0,0.32493857650800695,0.32493857650800695,0.33977994365321396,0.0,0.33977994365321396,0.33977994365321396,0.3397011216004048,0.0,0.3397011216004048,0.3397011216004048,0.0,0.0,0.0,0.0
ddim_eps,pusht_aligned,misaligned_corner_scorer,1,1,1,0.23264101400725226,0.0,0.23264101400725226,0.23264101400725226,0.24841972390715458,0.0,0.24841972390715458,0.24841972390715458,0.09657055908326606,0.0,0.09657055908326606,0.09657055908326606,0.0,0.0,0.0,0.0
ddim_eps,pusht_aligned,misaligned_corner_scorer,1,8,1,0.3335751046926111,0.0,0.3335751046926111,0.3335751046926111,0.34710158784690803,0.0,0.34710158784690803,0.34710158784690803,0.3045006612044896,0.0,0.3045006612044896,0.3045006612044896,0.0,0.0,0.0,0.0
ddim_eps,pusht_aligned,misaligned_corner_scorer,2,1,1,0.2417563280554741,0.0,0.2417563280554741,0.2417563280554741,0.2590340014639824,0.0,0.2590340014639824,0.2590340014639824,0.11880988424721646,0.0,0.11880988424721646,0.11880988424721646,0.0,0.0,0.0,0.0
ddim_eps,pusht_aligned,misaligned_corner_scorer,2,8,1,0.3360338083433524,0.0,0.3360338083433524,0.3360338083433524,0.35230505553573516,0.0,0.35230505553573516,0.35230505553573516,0.3232222187708597,0.0,0.3232222187708597,0.3232222187708597,0.0,0.0,0.0,0.0
ddim_eps,pusht_aligned,misaligned_corner_scorer,4,1,1,0.24168325468802462,0.0,0.24168325468802462,0.24168325468802462,0.26081629572093495,0.0,0.26081629572093495,0.26081629572093495,0.14751719009887937,0.0,0.14751719009887937,0.14751719009887937,0.0,0.0,0.0,0.0
ddim_eps,pusht_aligned,misaligned_corner_scorer,4,8,1,0.3363239515015459,0.0,0.3363239515015459,0.3363239515015459,0.35546645751636985,0.0,0.35546645751636985,0.35546645751636985,0.34602620269741236,0.0,0.34602620269741236,0.34602620269741236,0.0,0.0,0.0,0.0
ddim_eps,pusht_aligned,misaligned_corner_scorer,8,1,1,0.25473363070505395,0.0,0.25473363070505395,0.25473363070505395,0.27471097689990237,0.0,0.27471097689990237,0.27471097689990237,0.2104853744729058,0.0,0.2104853744729058,0.2104853744729058,0.0,0.0,0.0,0.0
ddim_eps,pusht_aligned,misaligned_corner_scorer,8,8,1,0.3361586956443242,0.0,0.3361586956443242,0.3361586956443242,0.359126971223356,0.0,0.359126971223356,0.359126971223356,0.35838777502936114,0.0,0.35838777502936114,0.35838777502936114,0.0,0.0,0.0,0.0
ddim_eps,pusht_aligned,oracle_real_utility_selector,1,1,1,0.23264101400725226,0.0,0.23264101400725226,0.23264101400725226,0.24841972390715458,0.0,0.24841972390715458,0.24841972390715458,0.09657055908326605,0.0,0.09657055908326605,0.09657055908326605,0.0,0.0,0.0,0.0
ddim_eps,pusht_aligned,oracle_real_utility_selector,1,8,1,0.33357510469261104,0.0,0.33357510469261104,0.33357510469261104,0.3471015878469079,0.0,0.3471015878469079,0.3471015878469079,0.30450066120448954,0.0,0.30450066120448954,0.30450066120448954,0.0,0.0,0.0,0.0
ddim_eps,pusht_aligned,oracle_real_utility_selector,2,1,1,0.28588617374834974,0.0,0.28588617374834974,0.28588617374834974,0.2989581158030982,0.0,0.2989581158030982,0.2989581158030982,0.15375654104167846,0.0,0.15375654104167846,0.15375654104167846,0.0,0.0,0.0,0.0
ddim_eps,pusht_aligned,oracle_real_utility_selector,2,8,1,0.3601580146349833,0.0,0.3601580146349833,0.3601580146349833,0.373335355516331,0.0,0.373335355516331,0.373335355516331,0.33524151650110723,0.0,0.33524151650110723,0.33524151650110723,0.0,0.0,0.0,0.0
ddim_eps,pusht_aligned,oracle_real_utility_selector,4,1,1,0.3411532262073742,0.0,0.3411532262073742,0.3411532262073742,0.35275651730275015,0.0,0.35275651730275015,0.35275651730275015,0.21908107036107471,0.0,0.21908107036107471,0.21908107036107471,0.0,0.0,0.0,0.0
ddim_eps,pusht_aligned,oracle_real_utility_selector,4,8,1,0.3774197267716026,0.0,0.3774197267716026,0.3774197267716026,0.38983245951438905,0.0,0.38983245951438905,0.38983245951438905,0.3554444974953259,0.0,0.3554444974953259,0.3554444974953259,0.0,0.0,0.0,0.0
ddim_eps,pusht_aligned,oracle_real_utility_selector,8,1,1,0.38883237998692427,0.0,0.38883237998692427,0.38883237998692427,0.39899376862376656,0.0,0.39899376862376656,0.39899376862376656,0.2720788803580983,0.0,0.2720788803580983,0.2720788803580983,0.0,0.0,0.0,0.0
ddim_eps,pusht_aligned,oracle_real_utility_selector,8,8,1,0.39047757066755073,0.0,0.39047757066755073,0.39047757066755073,0.4036015044094477,0.0,0.4036015044094477,0.4036015044094477,0.3874887534980058,0.0,0.3874887534980058,0.3874887534980058,0.0,0.0,0.0,0.0
ddim_eps,pusht_aligned,random_sample_selection,1,1,1,0.23264101400725223,0.0,0.23264101400725223,0.23264101400725223,0.2484197239071546,0.0,0.2484197239071546,0.2484197239071546,0.09657055908326605,0.0,0.09657055908326605,0.09657055908326605,0.0,0.0,0.0,0.0
ddim_eps,pusht_aligned,random_sample_selection,1,8,1,0.33357510469261104,0.0,0.33357510469261104,0.33357510469261104,0.3471015878469079,0.0,0.3471015878469079,0.3471015878469079,0.3045006612044896,0.0,0.3045006612044896,0.3045006612044896,0.0,0.0,0.0,0.0
ddim_eps,pusht_aligned,random_sample_selection,2,1,1,0.22649935404365296,0.0,0.22649935404365296,0.22649935404365296,0.2419623787094855,0.0,0.2419623787094855,0.2419623787094855,0.07974841117435698,0.0,0.07974841117435698,0.07974841117435698,0.0,0.0,0.0,0.0
ddim_eps,pusht_aligned,random_sample_selection,2,8,1,0.34023504670974425,0.0,0.34023504670974425,0.34023504670974425,0.3527843345820587,0.0,0.3527843345820587,0.3527843345820587,0.31960501079356296,0.0,0.31960501079356296,0.31960501079356296,0.0,0.0,0.0,0.0
ddim_eps,pusht_aligned,random_sample_selection,4,1,1,0.22348121342997695,0.0,0.22348121342997695,0.22348121342997695,0.23898685120980884,0.0,0.23898685120980884,0.23898685120980884,0.04474730331844753,0.0,0.04474730331844753,0.04474730331844753,0.0,0.0,0.0,0.0
ddim_eps,pusht_aligned,random_sample_selection,4,8,1,0.3432546029255823,0.0,0.3432546029255823,0.3432546029255823,0.3550884139392808,0.0,0.3550884139392808,0.3550884139392808,0.34404796887672173,0.0,0.34404796887672173,0.34404796887672173,0.0,0.0,0.0,0.0
ddim_eps,pusht_aligned,random_sample_selection,8,1,1,0.2410774430679246,0.0,0.2410774430679246,0.2410774430679246,0.25519843021067995,0.0,0.25519843021067995,0.25519843021067995,0.015543765479208008,0.0,0.015543765479208008,0.015543765479208008,0.0,0.0,0.0,0.0
ddim_eps,pusht_aligned,random_sample_selection,8,8,1,0.33927788610650544,0.0,0.33927788610650544,0.33927788610650544,0.3510023161909965,0.0,0.3510023161909965,0.3510023161909965,0.3502158487520124,0.0,0.3502158487520124,0.3502158487520124,0.0,0.0,0.0,0.0
ddim_eps,pusht_aligned,uncertainty_aware_critic,1,1,1,0.23264101400725223,0.0,0.23264101400725223,0.23264101400725223,0.24841972390715458,0.0,0.24841972390715458,0.24841972390715458,0.09657055908326605,0.0,0.09657055908326605,0.09657055908326605,0.0,0.0,0.0,0.0
ddim_eps,pusht_aligned,uncertainty_aware_critic,1,8,1,0.3335751046926111,0.0,0.3335751046926111,0.3335751046926111,0.34710158784690787,0.0,0.34710158784690787,0.34710158784690787,0.30450066120448954,0.0,0.30450066120448954,0.30450066120448954,0.0,0.0,0.0,0.0
ddim_eps,pusht_aligned,uncertainty_aware_critic,2,1,1,0.26447827738869,0.0,0.26447827738869,0.26447827738869,0.2769835582801084,0.0,0.2769835582801084,0.2769835582801084,0.10407351452304917,0.0,0.10407351452304917,0.10407351452304917,0.0,0.0,0.0,0.0
ddim_eps,pusht_aligned,uncertainty_aware_critic,2,8,1,0.3408169714762357,0.0,0.3408169714762357,0.3408169714762357,0.3555976211344388,0.0,0.3555976211344388,0.3555976211344388,0.3306112713931837,0.0,0.3306112713931837,0.3306112713931837,0.0,0.0,0.0,0.0
ddim_eps,pusht_aligned,uncertainty_aware_critic,4,1,1,0.30729402965305513,0.0,0.30729402965305513,0.30729402965305513,0.3174503492866582,0.0,0.3174503492866582,0.3174503492866582,0.13446466582153419,0.0,0.13446466582153419,0.13446466582153419,0.0,0.0,0.0,0.0
ddim_eps,pusht_aligned,uncertainty_aware_critic,4,8,1,0.3289111583750742,0.0,0.3289111583750742,0.3289111583750742,0.3445620900271433,0.0,0.3445620900271433,0.3445620900271433,0.33556988847639424,0.0,0.33556988847639424,0.33556988847639424,0.0,0.0,0.0,0.0
ddim_eps,pusht_aligned,uncertainty_aware_critic,8,1,1,0.3590973983800396,0.0,0.3590973983800396,0.3590973983800396,0.3677043168914574,0.0,0.3677043168914574,0.3677043168914574,0.19465895637862732,0.0,0.19465895637862732,0.19465895637862732,0.0,0.0,0.0,0.0
ddim_eps,pusht_aligned,uncertainty_aware_critic,8,8,1,0.3085356418409567,0.0,0.3085356418409567,0.3085356418409567,0.3256233325522897,0.0,0.3256233325522897,0.3256233325522897,0.3248861209692415,0.0,0.3248861209692415,0.3248861209692415,0.0,0.0,0.0,0.0
ddim_eps,pusht_high_temp_misaligned,behavior_cloning_critic,1,1,1,0.06918107857215242,0.0,0.06918107857215242,0.06918107857215242,0.10229862654578521,0.0,0.10229862654578521,0.10229862654578521,0.09414521220548433,0.0,0.09414521220548433,0.09414521220548433,0.0,0.0,0.0,0.0
ddim_eps,pusht_high_temp_misaligned,behavior_cloning_critic,1,8,1,0.06388875128052858,0.0,0.06388875128052858,0.06388875128052858,0.09396319622681765,0.0,0.09396319622681765,0.09396319622681765,0.08516071735442914,0.0,0.08516071735442914,0.08516071735442914,0.0,0.0,0.0,0.0
ddim_eps,pusht_high_temp_misaligned,behavior_cloning_critic,2,1,1,0.06553233451870344,0.0,0.06553233451870344,0.06553233451870344,0.09688499545315168,0.0,0.09688499545315168,0.09688499545315168,0.0897507579053884,0.0,0.0897507579053884,0.0897507579053884,0.0,0.0,0.0,0.0
ddim_eps,pusht_high_temp_misaligned,behavior_cloning_critic,2,8,1,0.07965144678753887,0.0,0.07965144678753887,0.07965144678753887,0.11016349715680156,0.0,0.11016349715680156,0.11016349715680156,0.10569847955874993,0.0,0.10569847955874993,0.10569847955874993,0.0,0.0,0.0,0.0
ddim_eps,pusht_high_temp_misaligned,behavior_cloning_critic,4,1,1,0.047696826752593416,0.0,0.047696826752593416,0.047696826752593416,0.07740507893054713,0.0,0.07740507893054713,0.07740507893054713,0.06983152747130546,0.0,0.06983152747130546,0.06983152747130546,0.0,0.0,0.0,0.0
ddim_eps,pusht_high_temp_misaligned,behavior_cloning_critic,4,8,1,0.08143227239199285,0.0,0.08143227239199285,0.08143227239199285,0.11243943382545118,0.0,0.11243943382545118,0.11243943382545118,0.1112249610692254,0.0,0.1112249610692254,0.1112249610692254,0.0,0.0,0.0,0.0
ddim_eps,pusht_high_temp_misaligned,behavior_cloning_critic,8,1,1,0.02700060677611499,0.0,0.02700060677611499,0.02700060677611499,0.060014371134714604,0.0,0.060014371134714604,0.060014371134714604,0.053652464153538026,0.0,0.053652464153538026,0.053652464153538026,0.0,0.0,0.0,0.0
ddim_eps,pusht_high_temp_misaligned,behavior_cloning_critic,8,8,1,0.05700426037334312,0.0,0.05700426037334312,0.05700426037334312,0.0851871159261802,0.0,0.0851871159261802,0.0851871159261802,0.08511169013393957,0.0,0.08511169013393957,0.08511169013393957,0.0,0.0,0.0,0.0
ddim_eps,pusht_high_temp_misaligned,diffusion_internal_score,1,1,1,0.06918107857215243,0.0,0.06918107857215243,0.06918107857215243,0.10229862654578523,0.0,0.10229862654578523,0.10229862654578523,0.09414521220548434,0.0,0.09414521220548434,0.09414521220548434,0.0,0.0,0.0,0.0
ddim_eps,pusht_high_temp_misaligned,diffusion_internal_score,1,8,1,0.06388875128052858,0.0,0.06388875128052858,0.06388875128052858,0.09396319622681765,0.0,0.09396319622681765,0.09396319622681765,0.08516071735442914,0.0,0.08516071735442914,0.08516071735442914,0.0,0.0,0.0,0.0
ddim_eps,pusht_high_temp_misaligned,diffusion_internal_score,2,1,1,0.07416370535873573,0.0,0.07416370535873573,0.07416370535873573,0.10411168648361364,0.0,0.10411168648361364,0.10411168648361364,0.0953076611499915,0.0,0.0953076611499915,0.0953076611499915,0.0,0.0,0.0,0.0
ddim_eps,pusht_high_temp_misaligned,diffusion_internal_score,2,8,1,0.039894291416153964,0.0,0.039894291416153964,0.039894291416153964,0.06438048100660806,0.0,0.06438048100660806,0.06438048100660806,0.056235478961361544,0.0,0.056235478961361544,0.056235478961361544,0.0,0.0,0.0,0.0
ddim_eps,pusht_high_temp_misaligned,diffusion_internal_score,4,1,1,0.06298729542745705,0.0,0.06298729542745705,0.06298729542745705,0.09377790692891236,0.0,0.09377790692891236,0.09377790692891236,0.08550205290675472,0.0,0.08550205290675472,0.08550205290675472,0.0,0.0,0.0,0.0
ddim_eps,pusht_high_temp_misaligned,diffusion_internal_score,4,8,1,0.029909573098015108,0.0,0.029909573098015108,0.029909573098015108,0.04993571002395085,0.0,0.04993571002395085,0.04993571002395085,0.044535077032570314,0.0,0.044535077032570314,0.044535077032570314,0.0,0.0,0.0,0.0
ddim_eps,pusht_high_temp_misaligned,diffusion_internal_score,8,1,1,0.03939093066208281,0.0,0.03939093066208281,0.03939093066208281,0.07321352052203729,0.0,0.07321352052203729,0.07321352052203729,0.06393297551194722,0.0,0.06393297551194722,0.06393297551194722,0.0,0.0,0.0,0.0
ddim_eps,pusht_high_temp_misaligned,diffusion_internal_score,8,8,1,0.022638454951849706,0.0,0.022638454951849706,0.022638454951849706,0.041040217623081285,0.0,0.041040217623081285,0.041040217623081285,0.03896768604397548,0.0,0.03896768604397548,0.03896768604397548,0.0,0.0,0.0,0.0
ddim_eps,pusht_high_temp_misaligned,learned_value_critic_from_pilot_rollouts,1,1,1,0.06918107857215242,0.0,0.06918107857215242,0.06918107857215242,0.10229862654578523,0.0,0.10229862654578523,0.10229862654578523,0.09414521220548433,0.0,0.09414521220548433,0.09414521220548433,0.0,0.0,0.0,0.0
ddim_eps,pusht_high_temp_misaligned,learned_value_critic_from_pilot_rollouts,1,8,1,0.06388875128052858,0.0,0.06388875128052858,0.06388875128052858,0.09396319622681765,0.0,0.09396319622681765,0.09396319622681765,0.08516071735442912,0.0,0.08516071735442912,0.08516071735442912,0.0,0.0,0.0,0.0
ddim_eps,pusht_high_temp_misaligned,learned_value_critic_from_pilot_rollouts,2,1,1,0.09586778636593901,0.0,0.09586778636593901,0.09586778636593901,0.13653522827572903,0.0,0.13653522827572903,0.13653522827572903,0.13143934431304097,0.0,0.13143934431304097,0.13143934431304097,0.0,0.0,0.0,0.0
ddim_eps,pusht_high_temp_misaligned,learned_value_critic_from_pilot_rollouts,2,8,1,0.09808078737055716,0.0,0.09808078737055716,0.09808078737055716,0.13381042379939018,0.0,0.13381042379939018,0.13381042379939018,0.1271447864832414,0.0,0.1271447864832414,0.1271447864832414,0.0,0.0,0.0,0.0
ddim_eps,pusht_high_temp_misaligned,learned_value_critic_from_pilot_rollouts,4,1,1,0.1355158361278471,0.0,0.1355158361278471,0.1355158361278471,0.1815571587656435,0.0,0.1815571587656435,0.1815571587656435,0.18014215734229813,0.0,0.18014215734229813,0.18014215734229813,0.0,0.0,0.0,0.0
ddim_eps,pusht_high_temp_misaligned,learned_value_critic_from_pilot_rollouts,4,8,1,0.14608390696053636,0.0,0.14608390696053636,0.14608390696053636,0.18749178113775383,0.0,0.18749178113775383,0.18749178113775383,0.18461049474546085,0.0,0.18461049474546085,0.18461049474546085,0.0,0.0,0.0,0.0
ddim_eps,pusht_high_temp_misaligned,learned_value_critic_from_pilot_rollouts,8,1,1,0.1844866468030717,0.0,0.1844866468030717,0.1844866468030717,0.23291475471557632,0.0,0.23291475471557632,0.23291475471557632,0.23281817582553896,0.0,0.23281817582553896,0.23281817582553896,0.0,0.0,0.0,0.0
ddim_eps,pusht_high_temp_misaligned,learned_value_critic_from_pilot_rollouts,8,8,1,0.1910703195531811,0.0,0.1910703195531811,0.1910703195531811,0.23688458574963162,0.0,0.23688458574963162,0.23688458574963162,0.23643120500827183,0.0,0.23643120500827183,0.23643120500827183,0.0,0.0,0.0,0.0
ddim_eps,pusht_high_temp_misaligned,misaligned_corner_scorer,1,1,1,0.06918107857215242,0.0,0.06918107857215242,0.06918107857215242,0.10229862654578523,0.0,0.10229862654578523,0.10229862654578523,0.09414521220548434,0.0,0.09414521220548434,0.09414521220548434,0.0,0.0,0.0,0.0
ddim_eps,pusht_high_temp_misaligned,misaligned_corner_scorer,1,8,1,0.06388875128052858,0.0,0.06388875128052858,0.06388875128052858,0.09396319622681763,0.0,0.09396319622681763,0.09396319622681763,0.08516071735442914,0.0,0.08516071735442914,0.08516071735442914,0.0,0.0,0.0,0.0
ddim_eps,pusht_high_temp_misaligned,misaligned_corner_scorer,2,1,1,0.0679400518585327,0.0,0.0679400518585327,0.0679400518585327,0.1062956146179321,0.0,0.1062956146179321,0.1062956146179321,0.09874393012370411,0.0,0.09874393012370411,0.09874393012370411,0.0,0.0,0.0,0.0
ddim_eps,pusht_high_temp_misaligned,misaligned_corner_scorer,2,8,1,0.06670587126324407,0.0,0.06670587126324407,0.06670587126324407,0.10043880050823917,0.0,0.10043880050823917,0.10043880050823917,0.08913185979221219,0.0,0.08913185979221219,0.08913185979221219,0.0,0.0,0.0,0.0
ddim_eps,pusht_high_temp_misaligned,misaligned_corner_scorer,4,1,1,0.08014971832834052,0.0,0.08014971832834052,0.08014971832834052,0.1206212836552696,0.0,0.1206212836552696,0.1206212836552696,0.1150743391217627,0.0,0.1150743391217627,0.1150743391217627,0.0,0.0,0.0,0.0
ddim_eps,pusht_high_temp_misaligned,misaligned_corner_scorer,4,8,1,0.049092241442375985,0.0,0.049092241442375985,0.049092241442375985,0.08339319788401683,0.0,0.08339319788401683,0.08339319788401683,0.06918842908211084,0.0,0.06918842908211084,0.06918842908211084,0.0,0.0,0.0,0.0
ddim_eps,pusht_high_temp_misaligned,misaligned_corner_scorer,8,1,1,0.11339745615791946,0.0,0.11339745615791946,0.11339745615791946,0.15498869298874918,0.0,0.15498869298874918,0.15498869298874918,0.15273691322175034,0.0,0.15273691322175034,0.15273691322175034,0.0,0.0,0.0,0.0
ddim_eps,pusht_high_temp_misaligned,misaligned_corner_scorer,8,8,1,0.02326963951849399,0.0,0.02326963951849399,0.02326963951849399,0.05682821607253575,0.0,0.05682821607253575,0.05682821607253575,0.038358629041036485,0.0,0.038358629041036485,0.038358629041036485,0.0,0.0,0.0,0.0
ddim_eps,pusht_high_temp_misaligned,oracle_real_utility_selector,1,1,1,0.06918107857215242,0.0,0.06918107857215242,0.06918107857215242,0.10229862654578523,0.0,0.10229862654578523,0.10229862654578523,0.09414521220548433,0.0,0.09414521220548433,0.09414521220548433,0.0,0.0,0.0,0.0
ddim_eps,pusht_high_temp_misaligned,oracle_real_utility_selector,1,8,1,0.06388875128052858,0.0,0.06388875128052858,0.06388875128052858,0.09396319622681765,0.0,0.09396319622681765,0.09396319622681765,0.08516071735442912,0.0,0.08516071735442912,0.08516071735442912,0.0,0.0,0.0,0.0
ddim_eps,pusht_high_temp_misaligned,oracle_real_utility_selector,2,1,1,0.11428548638169554,0.0,0.11428548638169554,0.11428548638169554,0.1496683240129211,0.0,0.1496683240129211,0.1496683240129211,0.14621778726246773,0.0,0.14621778726246773,0.14621778726246773,0.0,0.0,0.0,0.0
ddim_eps,pusht_high_temp_misaligned,oracle_real_utility_selector,2,8,1,0.10503769951588661,0.0,0.10503769951588661,0.10503769951588661,0.13841033789784463,0.0,0.13841033789784463,0.13841033789784463,0.1351140701826316,0.0,0.1351140701826316,0.1351140701826316,0.0,0.0,0.0,0.0
ddim_eps,pusht_high_temp_misaligned,oracle_real_utility_selector,4,1,1,0.16739329440221912,0.0,0.16739329440221912,0.16739329440221912,0.2056993935278428,0.0,0.2056993935278428,0.2056993935278428,0.20518959889900779,0.0,0.20518959889900779,0.20518959889900779,0.0,0.0,0.0,0.0
ddim_eps,pusht_high_temp_misaligned,oracle_real_utility_selector,4,8,1,0.15102216242304028,0.0,0.15102216242304028,0.15102216242304028,0.1908279978448409,0.0,0.1908279978448409,0.1908279978448409,0.1903439937653892,0.0,0.1903439937653892,0.1903439937653892,0.0,0.0,0.0,0.0
ddim_eps,pusht_high_temp_misaligned,oracle_real_utility_selector,8,1,1,0.2165000773847474,0.0,0.2165000773847474,0.2165000773847474,0.2588783542781873,0.0,0.2588783542781873,0.2588783542781873,0.2588682129222501,0.0,0.2588682129222501,0.2588682129222501,0.0,0.0,0.0,0.0
ddim_eps,pusht_high_temp_misaligned,oracle_real_utility_selector,8,8,1,0.1921136484282127,0.0,0.1921136484282127,0.1921136484282127,0.23758598778886691,0.0,0.23758598778886691,0.23758598778886691,0.23757601170472592,0.0,0.23757601170472592,0.23757601170472592,0.0,0.0,0.0,0.0
ddim_eps,pusht_high_temp_misaligned,random_sample_selection,1,1,1,0.06918107857215243,0.0,0.06918107857215243,0.06918107857215243,0.10229862654578523,0.0,0.10229862654578523,0.10229862654578523,0.09414521220548434,0.0,0.09414521220548434,0.09414521220548434,0.0,0.0,0.0,0.0
ddim_eps,pusht_high_temp_misaligned,random_sample_selection,1,8,1,0.06388875128052858,0.0,0.06388875128052858,0.06388875128052858,0.09396319622681765,0.0,0.09396319622681765,0.09396319622681765,0.08516071735442912,0.0,0.08516071735442912,0.08516071735442912,0.0,0.0,0.0,0.0
ddim_eps,pusht_high_temp_misaligned,random_sample_selection,2,1,1,0.07547127038498291,0.0,0.07547127038498291,0.07547127038498291,0.11413333448715576,0.0,0.11413333448715576,0.11413333448715576,0.10938157575005987,0.0,0.10938157575005987,0.10938157575005987,0.0,0.0,0.0,0.0
ddim_eps,pusht_high_temp_misaligned,random_sample_selection,2,8,1,0.08603270966643461,0.0,0.08603270966643461,0.08603270966643461,0.11592481396025786,0.0,0.11592481396025786,0.11592481396025786,0.10859958895818196,0.0,0.10859958895818196,0.10859958895818196,0.0,0.0,0.0,0.0
ddim_eps,pusht_high_temp_misaligned,random_sample_selection,4,1,1,0.05582730548711273,0.0,0.05582730548711273,0.05582730548711273,0.0961667707039878,0.0,0.0961667707039878,0.0961667707039878,0.09053755330268638,0.0,0.09053755330268638,0.09053755330268638,0.0,0.0,0.0,0.0
ddim_eps,pusht_high_temp_misaligned,random_sample_selection,4,8,1,0.08906027284935789,0.0,0.08906027284935789,0.08906027284935789,0.1182450415621169,0.0,0.1182450415621169,0.1182450415621169,0.10749978689268631,0.0,0.10749978689268631,0.10749978689268631,0.0,0.0,0.0,0.0
ddim_eps,pusht_high_temp_misaligned,random_sample_selection,8,1,1,0.020404010776794775,0.0,0.020404010776794775,0.020404010776794775,0.05851155611204085,0.0,0.05851155611204085,0.05851155611204085,0.049742889861808144,0.0,0.049742889861808144,0.049742889861808144,0.0,0.0,0.0,0.0
ddim_eps,pusht_high_temp_misaligned,random_sample_selection,8,8,1,0.06727221877559403,0.0,0.06727221877559403,0.06727221877559403,0.09426764278126212,0.0,0.09426764278126212,0.09426764278126212,0.07734209850387064,0.0,0.07734209850387064,0.07734209850387064,0.0,0.0,0.0,0.0
ddim_eps,pusht_high_temp_misaligned,uncertainty_aware_critic,1,1,1,0.06918107857215243,0.0,0.06918107857215243,0.06918107857215243,0.10229862654578523,0.0,0.10229862654578523,0.10229862654578523,0.09414521220548433,0.0,0.09414521220548433,0.09414521220548433,0.0,0.0,0.0,0.0
ddim_eps,pusht_high_temp_misaligned,uncertainty_aware_critic,1,8,1,0.06388875128052858,0.0,0.06388875128052858,0.06388875128052858,0.09396319622681765,0.0,0.09396319622681765,0.09396319622681765,0.08516071735442912,0.0,0.08516071735442912,0.08516071735442912,0.0,0.0,0.0,0.0
ddim_eps,pusht_high_temp_misaligned,uncertainty_aware_critic,2,1,1,0.10406424198717229,0.0,0.10406424198717229,0.10406424198717229,0.1441790441264545,0.0,0.1441790441264545,0.1441790441264545,0.13908316016376643,0.0,0.13908316016376643,0.13908316016376643,0.0,0.0,0.0,0.0
ddim_eps,pusht_high_temp_misaligned,uncertainty_aware_critic,2,8,1,0.09987984521247062,0.0,0.09987984521247062,0.09987984521247062,0.13490701841498526,0.0,0.13490701841498526,0.13490701841498526,0.12905183441814178,0.0,0.12905183441814178,0.12905183441814178,0.0,0.0,0.0,0.0
ddim_eps,pusht_high_temp_misaligned,uncertainty_aware_critic,4,1,1,0.1588628033828646,0.0,0.1588628033828646,0.1588628033828646,0.20310540508674682,0.0,0.20310540508674682,0.20310540508674682,0.20169040366340146,0.0,0.20169040366340146,0.20169040366340146,0.0,0.0,0.0,0.0
ddim_eps,pusht_high_temp_misaligned,uncertainty_aware_critic,4,8,1,0.14628067891199564,0.0,0.14628067891199564,0.14628067891199564,0.18761172117383454,0.0,0.18761172117383454,0.18761172117383454,0.18481907811334058,0.0,0.18481907811334058,0.18481907811334058,0.0,0.0,0.0,0.0
ddim_eps,pusht_high_temp_misaligned,uncertainty_aware_critic,8,1,1,0.21314012378046304,0.0,0.21314012378046304,0.21314012378046304,0.2588752457868505,0.0,0.2588752457868505,0.2588752457868505,0.25877866689681317,0.0,0.25877866689681317,0.25877866689681317,0.0,0.0,0.0,0.0
ddim_eps,pusht_high_temp_misaligned,uncertainty_aware_critic,8,8,1,0.19107119113653193,0.0,0.19107119113653193,0.19107119113653193,0.23688511701304477,0.0,0.23688511701304477,0.23688511701304477,0.23643212890921075,0.0,0.23643212890921075,0.23643212890921075,0.0,0.0,0.0,0.0
ddim_eps,pusht_low_diversity,behavior_cloning_critic,1,1,1,-0.0020124344024658202,0.0,-0.0020124344024658202,-0.0020124344024658202,0.0,0.0,0.0,0.0,0.0,0.0,0.0,0.0,0.0,0.0,0.0,0.0
ddim_eps,pusht_low_diversity,behavior_cloning_critic,1,8,1,-0.0019265684509277344,0.0,-0.0019265684509277344,-0.0019265684509277344,0.0,0.0,0.0,0.0,0.0,0.0,0.0,0.0,0.0,0.0,0.0,0.0
ddim_eps,pusht_low_diversity,behavior_cloning_critic,2,1,1,-0.0020819187374114994,0.0,-0.0020819187374114994,-0.0020819187374114994,0.0,0.0,0.0,0.0,0.0,0.0,0.0,0.0,0.0,0.0,0.0,0.0
ddim_eps,pusht_low_diversity,behavior_cloning_critic,2,8,1,-0.001969398872375488,0.0,-0.001969398872375488,-0.001969398872375488,0.0,0.0,0.0,0.0,0.0,0.0,0.0,0.0,0.0,0.0,0.0,0.0
ddim_eps,pusht_low_diversity,behavior_cloning_critic,4,1,1,-0.0021974479674994945,0.0,-0.0021974479674994945,-0.0021974479674994945,0.0,0.0,0.0,0.0,0.0,0.0,0.0,0.0,0.0,0.0,0.0,0.0
ddim_eps,pusht_low_diversity,behavior_cloning_critic,4,8,1,-0.002020323455095291,0.0,-0.002020323455095291,-0.002020323455095291,0.0,0.0,0.0,0.0,0.0,0.0,0.0,0.0,0.0,0.0,0.0,0.0
ddim_eps,pusht_low_diversity,behavior_cloning_critic,8,1,1,-0.0022642789135739368,0.0,-0.0022642789135739368,-0.0022642789135739368,0.0,0.0,0.0,0.0,0.0,0.0,0.0,0.0,0.0,0.0,0.0,0.0
ddim_eps,pusht_low_diversity,behavior_cloning_critic,8,8,1,-0.002089623761522758,0.0,-0.002089623761522758,-0.002089623761522758,0.0,0.0,0.0,0.0,0.0,0.0,0.0,0.0,0.0,0.0,0.0,0.0
ddim_eps,pusht_low_diversity,diffusion_internal_score,1,1,1,-0.0020124344024658202,0.0,-0.0020124344024658202,-0.0020124344024658202,0.0,0.0,0.0,0.0,0.0,0.0,0.0,0.0,0.0,0.0,0.0,0.0
ddim_eps,pusht_low_diversity,diffusion_internal_score,1,8,1,-0.0019265684509277344,0.0,-0.0019265684509277344,-0.0019265684509277344,0.0,0.0,0.0,0.0,0.0,0.0,0.0,0.0,0.0,0.0,0.0,0.0
ddim_eps,pusht_low_diversity,diffusion_internal_score,2,1,1,-0.002090742963790893,0.0,-0.002090742963790893,-0.002090742963790893,0.0,0.0,0.0,0.0,0.0,0.0,0.0,0.0,0.0,0.0,0.0,0.0
ddim_eps,pusht_low_diversity,diffusion_internal_score,2,8,1,-0.001901781826019287,0.0,-0.001901781826019287,-0.001901781826019287,0.0,0.0,0.0,0.0,0.0,0.0,0.0,0.0,0.0,0.0,0.0,0.0
ddim_eps,pusht_low_diversity,diffusion_internal_score,4,1,1,-0.002143543333381414,0.0,-0.002143543333381414,-0.002143543333381414,0.0,0.0,0.0,0.0,0.0,0.0,0.0,0.0,0.0,0.0,0.0,0.0
ddim_eps,pusht_low_diversity,diffusion_internal_score,4,8,1,-0.0018772682353854178,0.0,-0.0018772682353854178,-0.0018772682353854178,0.0,0.0,0.0,0.0,0.0,0.0,0.0,0.0,0.0,0.0,0.0,0.0
ddim_eps,pusht_low_diversity,diffusion_internal_score,8,1,1,-0.0021876190632923605,0.0,-0.0021876190632923605,-0.0021876190632923605,0.0,0.0,0.0,0.0,0.0,0.0,0.0,0.0,0.0,0.0,0.0,0.0
ddim_eps,pusht_low_diversity,diffusion_internal_score,8,8,1,-0.0018236070475767334,0.0,-0.0018236070475767334,-0.0018236070475767334,0.0,0.0,0.0,0.0,0.0,0.0,0.0,0.0,0.0,0.0,0.0,0.0
ddim_eps,pusht_low_diversity,learned_value_critic_from_pilot_rollouts,1,1,1,-0.0020124344024658202,0.0,-0.0020124344024658202,-0.0020124344024658202,0.0,0.0,0.0,0.0,0.0,0.0,0.0,0.0,0.0,0.0,0.0,0.0
ddim_eps,pusht_low_diversity,learned_value_critic_from_pilot_rollouts,1,8,1,-0.0019265684509277344,0.0,-0.0019265684509277344,-0.0019265684509277344,0.0,0.0,0.0,0.0,0.0,0.0,0.0,0.0,0.0,0.0,0.0,0.0
ddim_eps,pusht_low_diversity,learned_value_critic_from_pilot_rollouts,2,1,1,-0.0018907140827178956,0.0,-0.0018907140827178956,-0.0018907140827178956,0.0,0.0,0.0,0.0,0.0,0.0,0.0,0.0,0.0,0.0,0.0,0.0
ddim_eps,pusht_low_diversity,learned_value_critic_from_pilot_rollouts,2,8,1,-0.001838555595397949,0.0,-0.001838555595397949,-0.001838555595397949,0.0,0.0,0.0,0.0,0.0,0.0,0.0,0.0,0.0,0.0,0.0,0.0
ddim_eps,pusht_low_diversity,learned_value_critic_from_pilot_rollouts,4,1,1,-0.0017699104212820526,0.0,-0.0017699104212820526,-0.0017699104212820526,0.0,0.0,0.0,0.0,0.0,0.0,0.0,0.0,0.0,0.0,0.0,0.0
ddim_eps,pusht_low_diversity,learned_value_critic_from_pilot_rollouts,4,8,1,-0.0017638975698947906,0.0,-0.0017638975698947906,-0.0017638975698947906,0.0,0.0,0.0,0.0,0.0,0.0,0.0,0.0,0.0,0.0,0.0,0.0
ddim_eps,pusht_low_diversity,learned_value_critic_from_pilot_rollouts,8,1,1,-0.0016117447655915529,0.0,-0.0016117447655915529,-0.0016117447655915529,0.0,0.0,0.0,0.0,0.0,0.0,0.0,0.0,0.0,0.0,0.0,0.0
ddim_eps,pusht_low_diversity,learned_value_critic_from_pilot_rollouts,8,8,1,-0.001734321731256379,0.0,-0.001734321731256379,-0.001734321731256379,0.0,0.0,0.0,0.0,0.0,0.0,0.0,0.0,0.0,0.0,0.0,0.0
ddim_eps,pusht_low_diversity,misaligned_corner_scorer,1,1,1,-0.0020124344024658202,0.0,-0.0020124344024658202,-0.0020124344024658202,0.0,0.0,0.0,0.0,0.0,0.0,0.0,0.0,0.0,0.0,0.0,0.0
ddim_eps,pusht_low_diversity,misaligned_corner_scorer,1,8,1,-0.0019265684509277344,0.0,-0.0019265684509277344,-0.0019265684509277344,0.0,0.0,0.0,0.0,0.0,0.0,0.0,0.0,0.0,0.0,0.0,0.0
ddim_eps,pusht_low_diversity,misaligned_corner_scorer,2,1,1,-0.0019974324550628662,0.0,-0.0019974324550628662,-0.0019974324550628662,0.0,0.0,0.0,0.0,0.0,0.0,0.0,0.0,0.0,0.0,0.0,0.0
ddim_eps,pusht_low_diversity,misaligned_corner_scorer,2,8,1,-0.0018891792678833008,0.0,-0.0018891792678833008,-0.0018891792678833008,0.0,0.0,0.0,0.0,0.0,0.0,0.0,0.0,0.0,0.0,0.0,0.0
ddim_eps,pusht_low_diversity,misaligned_corner_scorer,4,1,1,-0.0019981059202849863,0.0,-0.0019981059202849863,-0.0019981059202849863,0.0,0.0,0.0,0.0,0.0,0.0,0.0,0.0,0.0,0.0,0.0,0.0
ddim_eps,pusht_low_diversity,misaligned_corner_scorer,4,8,1,-0.001786015034675598,0.0,-0.001786015034675598,-0.001786015034675598,0.0,0.0,0.0,0.0,0.0,0.0,0.0,0.0,0.0,0.0,0.0,0.0
ddim_eps,pusht_low_diversity,misaligned_corner_scorer,8,1,1,-0.0018987660343126554,0.0,-0.0018987660343126554,-0.0018987660343126554,0.0,0.0,0.0,0.0,0.0,0.0,0.0,0.0,0.0,0.0,0.0,0.0
ddim_eps,pusht_low_diversity,misaligned_corner_scorer,8,8,1,-0.0016788097799024545,0.0,-0.0016788097799024545,-0.0016788097799024545,0.0,0.0,0.0,0.0,0.0,0.0,0.0,0.0,0.0,0.0,0.0,0.0
ddim_eps,pusht_low_diversity,oracle_real_utility_selector,1,1,1,-0.0020124344024658202,0.0,-0.0020124344024658202,-0.0020124344024658202,0.0,0.0,0.0,0.0,0.0,0.0,0.0,0.0,0.0,0.0,0.0,0.0
ddim_eps,pusht_low_diversity,oracle_real_utility_selector,1,8,1,-0.0019265684509277344,0.0,-0.0019265684509277344,-0.0019265684509277344,0.0,0.0,0.0,0.0,0.0,0.0,0.0,0.0,0.0,0.0,0.0,0.0
ddim_eps,pusht_low_diversity,oracle_real_utility_selector,2,1,1,-0.001800365762710571,0.0,-0.001800365762710571,-0.001800365762710571,0.0,0.0,0.0,0.0,0.0,0.0,0.0,0.0,0.0,0.0,0.0,0.0
ddim_eps,pusht_low_diversity,oracle_real_utility_selector,2,8,1,-0.0018090989570617676,0.0,-0.0018090989570617676,-0.0018090989570617676,0.0,0.0,0.0,0.0,0.0,0.0,0.0,0.0,0.0,0.0,0.0,0.0
ddim_eps,pusht_low_diversity,oracle_real_utility_selector,4,1,1,-0.0016269046774208544,0.0,-0.0016269046774208544,-0.0016269046774208544,0.0,0.0,0.0,0.0,0.0,0.0,0.0,0.0,0.0,0.0,0.0,0.0
ddim_eps,pusht_low_diversity,oracle_real_utility_selector,4,8,1,-0.0017222965126633643,0.0,-0.0017222965126633643,-0.0017222965126633643,0.0,0.0,0.0,0.0,0.0,0.0,0.0,0.0,0.0,0.0,0.0,0.0
ddim_eps,pusht_low_diversity,oracle_real_utility_selector,8,1,1,-0.0015150679243499253,0.0,-0.0015150679243499253,-0.0015150679243499253,0.0,0.0,0.0,0.0,0.0,0.0,0.0,0.0,0.0,0.0,0.0,0.0
ddim_eps,pusht_low_diversity,oracle_real_utility_selector,8,8,1,-0.001659913494810593,0.0,-0.001659913494810593,-0.001659913494810593,0.0,0.0,0.0,0.0,0.0,0.0,0.0,0.0,0.0,0.0,0.0,0.0
ddim_eps,pusht_low_diversity,random_sample_selection,1,1,1,-0.0020124344024658202,0.0,-0.0020124344024658202,-0.0020124344024658202,0.0,0.0,0.0,0.0,0.0,0.0,0.0,0.0,0.0,0.0,0.0,0.0
ddim_eps,pusht_low_diversity,random_sample_selection,1,8,1,-0.0019265684509277344,0.0,-0.0019265684509277344,-0.0019265684509277344,0.0,0.0,0.0,0.0,0.0,0.0,0.0,0.0,0.0,0.0,0.0,0.0
ddim_eps,pusht_low_diversity,random_sample_selection,2,1,1,-0.0019264333133697507,0.0,-0.0019264333133697507,-0.0019264333133697507,0.0,0.0,0.0,0.0,0.0,0.0,0.0,0.0,0.0,0.0,0.0,0.0
ddim_eps,pusht_low_diversity,random_sample_selection,2,8,1,-0.0018678466835021974,0.0,-0.0018678466835021974,-0.0018678466835021974,0.0,0.0,0.0,0.0,0.0,0.0,0.0,0.0,0.0,0.0,0.0,0.0
ddim_eps,pusht_low_diversity,random_sample_selection,4,1,1,-0.0019165475584566592,0.0,-0.0019165475584566592,-0.0019165475584566592,0.0,0.0,0.0,0.0,0.0,0.0,0.0,0.0,0.0,0.0,0.0,0.0
ddim_eps,pusht_low_diversity,random_sample_selection,4,8,1,-0.0018398284309506414,0.0,-0.0018398284309506414,-0.0018398284309506414,0.0,0.0,0.0,0.0,0.0,0.0,0.0,0.0,0.0,0.0,0.0,0.0
ddim_eps,pusht_low_diversity,random_sample_selection,8,1,1,-0.00203682202023283,0.0,-0.00203682202023283,-0.00203682202023283,0.0,0.0,0.0,0.0,0.0,0.0,0.0,0.0,0.0,0.0,0.0,0.0
ddim_eps,pusht_low_diversity,random_sample_selection,8,8,1,-0.0018376334175506635,0.0,-0.0018376334175506635,-0.0018376334175506635,0.0,0.0,0.0,0.0,0.0,0.0,0.0,0.0,0.0,0.0,0.0,0.0
ddim_eps,pusht_low_diversity,uncertainty_aware_critic,1,1,1,-0.0020124344024658202,0.0,-0.0020124344024658202,-0.0020124344024658202,0.0,0.0,0.0,0.0,0.0,0.0,0.0,0.0,0.0,0.0,0.0,0.0
ddim_eps,pusht_low_diversity,uncertainty_aware_critic,1,8,1,-0.0019265684509277344,0.0,-0.0019265684509277344,-0.0019265684509277344,0.0,0.0,0.0,0.0,0.0,0.0,0.0,0.0,0.0,0.0,0.0,0.0
ddim_eps,pusht_low_diversity,uncertainty_aware_critic,2,1,1,-0.0018489515895843505,0.0,-0.0018489515895843505,-0.0018489515895843505,0.0,0.0,0.0,0.0,0.0,0.0,0.0,0.0,0.0,0.0,0.0,0.0
ddim_eps,pusht_low_diversity,uncertainty_aware_critic,2,8,1,-0.0019200999641418458,0.0,-0.0019200999641418458,-0.0019200999641418458,0.0,0.0,0.0,0.0,0.0,0.0,0.0,0.0,0.0,0.0,0.0,0.0
ddim_eps,pusht_low_diversity,uncertainty_aware_critic,4,1,1,-0.0017110396841466427,0.0,-0.0017110396841466427,-0.0017110396841466427,0.0,0.0,0.0,0.0,0.0,0.0,0.0,0.0,0.0,0.0,0.0,0.0
ddim_eps,pusht_low_diversity,uncertainty_aware_critic,4,8,1,-0.0019092335749268533,0.0,-0.0019092335749268533,-0.0019092335749268533,0.0,0.0,0.0,0.0,0.0,0.0,0.0,0.0,0.0,0.0,0.0,0.0
ddim_eps,pusht_low_diversity,uncertainty_aware_critic,8,1,1,-0.0016756902069768038,0.0,-0.0016756902069768038,-0.0016756902069768038,0.0,0.0,0.0,0.0,0.0,0.0,0.0,0.0,0.0,0.0,0.0,0.0
ddim_eps,pusht_low_diversity,uncertainty_aware_critic,8,8,1,-0.0018534998586261788,0.0,-0.0018534998586261788,-0.0018534998586261788,0.0,0.0,0.0,0.0,0.0,0.0,0.0,0.0,0.0,0.0,0.0,0.0
ddpm_eps,pusht_aligned,behavior_cloning_critic,1,8,1,0.3248471917996606,0.0,0.3248471917996606,0.3248471917996606,0.33907260421421137,0.0,0.33907260421421137,0.33907260421421137,0.28932689311492665,0.0,0.28932689311492665,0.28932689311492665,0.0,0.0,0.0,0.0
ddpm_eps,pusht_aligned,behavior_cloning_critic,2,8,1,0.310007000398882,0.0,0.310007000398882,0.310007000398882,0.32293571171022234,0.0,0.32293571171022234,0.32293571171022234,0.2677330029404652,0.0,0.2677330029404652,0.2677330029404652,0.0,0.0,0.0,0.0
ddpm_eps,pusht_aligned,behavior_cloning_critic,4,8,1,0.2953788923870847,0.0,0.2953788923870847,0.2953788923870847,0.3081889112399146,0.0,0.3081889112399146,0.3081889112399146,0.2645501588875813,0.0,0.2645501588875813,0.2645501588875813,0.0,0.0,0.0,0.0
ddpm_eps,pusht_aligned,behavior_cloning_critic,8,8,1,0.29884847541153536,0.0,0.29884847541153536,0.29884847541153536,0.311987766855907,0.0,0.311987766855907,0.311987766855907,0.28441723712855815,0.0,0.28441723712855815,0.28441723712855815,0.0,0.0,0.0,0.0
ddpm_eps,pusht_aligned,diffusion_internal_score,1,8,1,0.32484719179966065,0.0,0.32484719179966065,0.32484719179966065,0.33907260421421137,0.0,0.33907260421421137,0.33907260421421137,0.2893268931149266,0.0,0.2893268931149266,0.2893268931149266,0.0,0.0,0.0,0.0
ddpm_eps,pusht_aligned,diffusion_internal_score,2,8,1,0.30966932869781383,0.0,0.30966932869781383,0.30966932869781383,0.3219287875219715,0.0,0.3219287875219715,0.3219287875219715,0.2667289231381892,0.0,0.2667289231381892,0.2667289231381892,0.0,0.0,0.0,0.0
ddpm_eps,pusht_aligned,diffusion_internal_score,4,8,1,0.29678367023750246,0.0,0.29678367023750246,0.29678367023750246,0.30900360010894234,0.0,0.30900360010894234,0.30900360010894234,0.2653693365532255,0.0,0.2653693365532255,0.2653693365532255,0.0,0.0,0.0,0.0
ddpm_eps,pusht_aligned,diffusion_internal_score,8,8,1,0.2960050682855589,0.0,0.2960050682855589,0.2960050682855589,0.3092653683031763,0.0,0.3092653683031763,0.3092653683031763,0.2816971582004538,0.0,0.2816971582004538,0.2816971582004538,0.0,0.0,0.0,0.0
ddpm_eps,pusht_aligned,learned_value_critic_from_pilot_rollouts,1,8,1,0.3248471917996606,0.0,0.3248471917996606,0.3248471917996606,0.3390726042142113,0.0,0.3390726042142113,0.3390726042142113,0.2893268931149266,0.0,0.2893268931149266,0.2893268931149266,0.0,0.0,0.0,0.0
ddpm_eps,pusht_aligned,learned_value_critic_from_pilot_rollouts,2,8,1,0.3319362349471035,0.0,0.3319362349471035,0.3319362349471035,0.3501670672301235,0.0,0.3501670672301235,0.3501670672301235,0.33117747401855646,0.0,0.33117747401855646,0.33117747401855646,0.0,0.0,0.0,0.0
ddpm_eps,pusht_aligned,learned_value_critic_from_pilot_rollouts,4,8,1,0.3240822563915694,0.0,0.3240822563915694,0.3240822563915694,0.346006135698005,0.0,0.346006135698005,0.346006135698005,0.3426350326387633,0.0,0.3426350326387633,0.3426350326387633,0.0,0.0,0.0,0.0
ddpm_eps,pusht_aligned,learned_value_critic_from_pilot_rollouts,8,8,1,0.3137602763128342,0.0,0.3137602763128342,0.3137602763128342,0.3373267213851013,0.0,0.3373267213851013,0.3373267213851013,0.337099774355753,0.0,0.337099774355753,0.337099774355753,0.0,0.0,0.0,0.0
ddpm_eps,pusht_aligned,misaligned_corner_scorer,1,8,1,0.3248471917996606,0.0,0.3248471917996606,0.3248471917996606,0.33907260421421137,0.0,0.33907260421421137,0.33907260421421137,0.2893268931149266,0.0,0.2893268931149266,0.2893268931149266,0.0,0.0,0.0,0.0
ddpm_eps,pusht_aligned,misaligned_corner_scorer,2,8,1,0.33270635466083187,0.0,0.33270635466083187,0.33270635466083187,0.35035969753345153,0.0,0.35035969753345153,0.35035969753345153,0.30979018481892573,0.0,0.30979018481892573,0.30979018481892573,0.0,0.0,0.0,0.0
ddpm_eps,pusht_aligned,misaligned_corner_scorer,4,8,1,0.34125089741207626,0.0,0.34125089741207626,0.34125089741207626,0.36241134482897785,0.0,0.36241134482897785,0.36241134482897785,0.3425083982520746,0.0,0.3425083982520746,0.3425083982520746,0.0,0.0,0.0,0.0
ddpm_eps,pusht_aligned,misaligned_corner_scorer,8,8,1,0.34786539931374283,0.0,0.34786539931374283,0.34786539931374283,0.37313681425189527,0.0,0.37313681425189527,0.37313681425189527,0.36786228283960526,0.0,0.36786228283960526,0.36786228283960526,0.0,0.0,0.0,0.0
ddpm_eps,pusht_aligned,oracle_real_utility_selector,1,8,1,0.3248471917996606,0.0,0.3248471917996606,0.3248471917996606,0.33907260421421137,0.0,0.33907260421421137,0.33907260421421137,0.2893268931149266,0.0,0.2893268931149266,0.2893268931149266,0.0,0.0,0.0,0.0
ddpm_eps,pusht_aligned,oracle_real_utility_selector,2,8,1,0.35035466465967413,0.0,0.35035466465967413,0.35035466465967413,0.36417018271845103,0.0,0.36417018271845103,0.36417018271845103,0.30668477342653744,0.0,0.30668477342653744,0.30668477342653744,0.0,0.0,0.0,0.0
ddpm_eps,pusht_aligned,oracle_real_utility_selector,4,8,1,0.3622105864271651,0.0,0.3622105864271651,0.3622105864271651,0.3739680057080518,0.0,0.3739680057080518,0.3739680057080518,0.3053756080903309,0.0,0.3053756080903309,0.3053756080903309,0.0,0.0,0.0,0.0
ddpm_eps,pusht_aligned,oracle_real_utility_selector,8,8,1,0.36723897556089863,0.0,0.36723897556089863,0.36723897556089863,0.37593790964153195,0.0,0.37593790964153195,0.37593790964153195,0.3176353032660001,0.0,0.3176353032660001,0.3176353032660001,0.0,0.0,0.0,0.0
ddpm_eps,pusht_aligned,random_sample_selection,1,8,1,0.32484719179966054,0.0,0.32484719179966054,0.32484719179966054,0.3390726042142114,0.0,0.3390726042142114,0.3390726042142114,0.28932689311492665,0.0,0.28932689311492665,0.28932689311492665,0.0,0.0,0.0,0.0
ddpm_eps,pusht_aligned,random_sample_selection,2,8,1,0.3370643982914746,0.0,0.3370643982914746,0.3370643982914746,0.3504668149403394,0.0,0.3504668149403394,0.3504668149403394,0.304804170246665,0.0,0.304804170246665,0.304804170246665,0.0,0.0,0.0,0.0
ddpm_eps,pusht_aligned,random_sample_selection,4,8,1,0.3416079202962631,0.0,0.3416079202962631,0.3416079202962631,0.35486620228142673,0.0,0.35486620228142673,0.35486620228142673,0.32754880817286514,0.0,0.32754880817286514,0.32754880817286514,0.0,0.0,0.0,0.0
ddpm_eps,pusht_aligned,random_sample_selection,8,8,1,0.3347881164408966,0.0,0.3347881164408966,0.3347881164408966,0.34846412418757144,0.0,0.34846412418757144,0.34846412418757144,0.33350571142168794,0.0,0.33350571142168794,0.33350571142168794,0.0,0.0,0.0,0.0
ddpm_eps,pusht_aligned,uncertainty_aware_critic,1,8,1,0.3248471917996606,0.0,0.3248471917996606,0.3248471917996606,0.33907260421421137,0.0,0.33907260421421137,0.33907260421421137,0.2893268931149266,0.0,0.2893268931149266,0.2893268931149266,0.0,0.0,0.0,0.0
ddpm_eps,pusht_aligned,uncertainty_aware_critic,2,8,1,0.3322069017069346,0.0,0.3322069017069346,0.3322069017069346,0.3504058303644664,0.0,0.3504058303644664,0.3504058303644664,0.3314162371528993,0.0,0.3314162371528993,0.3314162371528993,0.0,0.0,0.0,0.0
ddpm_eps,pusht_aligned,uncertainty_aware_critic,4,8,1,0.324720860778046,0.0,0.324720860778046,0.324720860778046,0.3465694674680952,0.0,0.3465694674680952,0.3465694674680952,0.34319836440885354,0.0,0.34319836440885354,0.34319836440885354,0.0,0.0,0.0,0.0
ddpm_eps,pusht_aligned,uncertainty_aware_critic,8,8,1,0.31425789638259505,0.0,0.31425789638259505,0.31425789638259505,0.3377656867299487,0.0,0.3377656867299487,0.3377656867299487,0.33753873970060044,0.0,0.33753873970060044,0.33753873970060044,0.0,0.0,0.0,0.0
ddpm_eps,pusht_high_temp_misaligned,behavior_cloning_critic,1,8,1,0.05803121292159676,0.0,0.05803121292159676,0.05803121292159676,0.09017061502120613,0.0,0.09017061502120613,0.09017061502120613,0.08134248619667987,0.0,0.08134248619667987,0.08134248619667987,0.0,0.0,0.0,0.0
ddpm_eps,pusht_high_temp_misaligned,behavior_cloning_critic,2,8,1,0.07496179309333242,0.0,0.07496179309333242,0.07496179309333242,0.10449241244758047,0.0,0.10449241244758047,0.10449241244758047,0.0988054184486919,0.0,0.0988054184486919,0.0988054184486919,0.0,0.0,0.0,0.0
ddpm_eps,pusht_high_temp_misaligned,behavior_cloning_critic,4,8,1,0.06895149431990424,0.0,0.06895149431990424,0.06895149431990424,0.09430666802738945,0.0,0.09430666802738945,0.09430666802738945,0.09039905456004138,0.0,0.09039905456004138,0.09039905456004138,0.0,0.0,0.0,0.0
ddpm_eps,pusht_high_temp_misaligned,behavior_cloning_critic,8,8,1,0.03819062980727641,0.0,0.03819062980727641,0.03819062980727641,0.05850421438660484,0.0,0.05850421438660484,0.05850421438660484,0.05429203104424632,0.0,0.05429203104424632,0.05429203104424632,0.0,0.0,0.0,0.0
ddpm_eps,pusht_high_temp_misaligned,diffusion_internal_score,1,8,1,0.058031212921596756,0.0,0.058031212921596756,0.058031212921596756,0.09017061502120612,0.0,0.09017061502120612,0.09017061502120612,0.08134248619667987,0.0,0.08134248619667987,0.08134248619667987,0.0,0.0,0.0,0.0
ddpm_eps,pusht_high_temp_misaligned,diffusion_internal_score,2,8,1,0.03198992726247487,0.0,0.03198992726247487,0.03198992726247487,0.057713749192406516,0.0,0.057713749192406516,0.057713749192406516,0.048364640803939755,0.0,0.048364640803939755,0.048364640803939755,0.0,0.0,0.0,0.0
ddpm_eps,pusht_high_temp_misaligned,diffusion_internal_score,4,8,1,0.023116947422098112,0.0,0.023116947422098112,0.023116947422098112,0.043284202181409784,0.0,0.043284202181409784,0.043284202181409784,0.03528677532666238,0.0,0.03528677532666238,0.03528677532666238,0.0,0.0,0.0,0.0
ddpm_eps,pusht_high_temp_misaligned,diffusion_internal_score,8,8,1,0.01860314425300521,0.0,0.01860314425300521,0.01860314425300521,0.03636185887094452,0.0,0.03636185887094452,0.03636185887094452,0.030161634979881398,0.0,0.030161634979881398,0.030161634979881398,0.0,0.0,0.0,0.0
ddpm_eps,pusht_high_temp_misaligned,learned_value_critic_from_pilot_rollouts,1,8,1,0.05803121292159676,0.0,0.05803121292159676,0.05803121292159676,0.09017061502120613,0.0,0.09017061502120613,0.09017061502120613,0.08134248619667987,0.0,0.08134248619667987,0.08134248619667987,0.0,0.0,0.0,0.0
ddpm_eps,pusht_high_temp_misaligned,learned_value_critic_from_pilot_rollouts,2,8,1,0.09116143234572761,0.0,0.09116143234572761,0.09116143234572761,0.12962393957839363,0.0,0.12962393957839363,0.12962393957839363,0.12332605464916856,0.0,0.12332605464916856,0.12332605464916856,0.0,0.0,0.0,0.0
ddpm_eps,pusht_high_temp_misaligned,learned_value_critic_from_pilot_rollouts,4,8,1,0.14146435473754793,0.0,0.14146435473754793,0.14146435473754793,0.18626773165300278,0.0,0.18626773165300278,0.18626773165300278,0.18384046162590056,0.0,0.18384046162590056,0.18384046162590056,0.0,0.0,0.0,0.0
ddpm_eps,pusht_high_temp_misaligned,learned_value_critic_from_pilot_rollouts,8,8,1,0.1906006308054384,0.0,0.1906006308054384,0.1906006308054384,0.2399875638710336,0.0,0.2399875638710336,0.2399875638710336,0.23965173136495793,0.0,0.23965173136495793,0.23965173136495793,0.0,0.0,0.0,0.0
ddpm_eps,pusht_high_temp_misaligned,misaligned_corner_scorer,1,8,1,0.058031212921596756,0.0,0.058031212921596756,0.058031212921596756,0.09017061502120613,0.0,0.09017061502120613,0.09017061502120613,0.08134248619667987,0.0,0.08134248619667987,0.08134248619667987,0.0,0.0,0.0,0.0
ddpm_eps,pusht_high_temp_misaligned,misaligned_corner_scorer,2,8,1,0.0551829453796853,0.0,0.0551829453796853,0.0551829453796853,0.0918658332275857,0.0,0.0918658332275857,0.0918658332275857,0.08151747621603224,0.0,0.08151747621603224,0.08151747621603224,0.0,0.0,0.0,0.0
ddpm_eps,pusht_high_temp_misaligned,misaligned_corner_scorer,4,8,1,0.030849822758089465,0.0,0.030849822758089465,0.030849822758089465,0.06856752495850221,0.0,0.06856752495850221,0.06856752495850221,0.055377009753814876,0.0,0.055377009753814876,0.055377009753814876,0.0,0.0,0.0,0.0
ddpm_eps,pusht_high_temp_misaligned,misaligned_corner_scorer,8,8,1,0.004992273530030856,0.0,0.004992273530030856,0.004992273530030856,0.04230626382444787,0.0,0.04230626382444787,0.04230626382444787,0.02431412767436482,0.0,0.02431412767436482,0.02431412767436482,0.0,0.0,0.0,0.0
ddpm_eps,pusht_high_temp_misaligned,oracle_real_utility_selector,1,8,1,0.058031212921596756,0.0,0.058031212921596756,0.058031212921596756,0.09017061502120613,0.0,0.09017061502120613,0.09017061502120613,0.08134248619667987,0.0,0.08134248619667987,0.08134248619667987,0.0,0.0,0.0,0.0
ddpm_eps,pusht_high_temp_misaligned,oracle_real_utility_selector,2,8,1,0.09936770976334014,0.0,0.09936770976334014,0.09936770976334014,0.13433680470352566,0.0,0.13433680470352566,0.13433680470352566,0.13063430967318235,0.0,0.13063430967318235,0.13063430967318235,0.0,0.0,0.0,0.0
ddpm_eps,pusht_high_temp_misaligned,oracle_real_utility_selector,4,8,1,0.14828101648055517,0.0,0.14828101648055517,0.14828101648055517,0.189383513031592,0.0,0.189383513031592,0.189383513031592,0.18865196974816512,0.0,0.18865196974816512,0.18865196974816512,0.0,0.0,0.0,0.0
ddpm_eps,pusht_high_temp_misaligned,oracle_real_utility_selector,8,8,1,0.19291460141483568,0.0,0.19291460141483568,0.19291460141483568,0.24043943892539898,0.0,0.24043943892539898,0.24043943892539898,0.2404074570063314,0.0,0.2404074570063314,0.2404074570063314,0.0,0.0,0.0,0.0
ddpm_eps,pusht_high_temp_misaligned,random_sample_selection,1,8,1,0.05803121292159676,0.0,0.05803121292159676,0.05803121292159676,0.09017061502120613,0.0,0.09017061502120613,0.09017061502120613,0.08134248619667987,0.0,0.08134248619667987,0.08134248619667987,0.0,0.0,0.0,0.0
ddpm_eps,pusht_high_temp_misaligned,random_sample_selection,2,8,1,0.08233107781655731,0.0,0.08233107781655731,0.08233107781655731,0.11405160342080536,0.0,0.11405160342080536,0.11405160342080536,0.10649281515450879,0.0,0.10649281515450879,0.10649281515450879,0.0,0.0,0.0,0.0
ddpm_eps,pusht_high_temp_misaligned,random_sample_selection,4,8,1,0.08836127548658546,0.0,0.08836127548658546,0.08836127548658546,0.11905673144542869,0.0,0.11905673144542869,0.11905673144542869,0.1081729862807164,0.0,0.1081729862807164,0.1081729862807164,0.0,0.0,0.0,0.0
ddpm_eps,pusht_high_temp_misaligned,random_sample_selection,8,8,1,0.0668753959253171,0.0,0.0668753959253171,0.0668753959253171,0.09486673783649599,0.0,0.09486673783649599,0.09486673783649599,0.07784101113357422,0.0,0.07784101113357422,0.07784101113357422,0.0,0.0,0.0,0.0
ddpm_eps,pusht_high_temp_misaligned,uncertainty_aware_critic,1,8,1,0.05803121292159676,0.0,0.05803121292159676,0.05803121292159676,0.09017061502120613,0.0,0.09017061502120613,0.09017061502120613,0.08134248619667987,0.0,0.08134248619667987,0.08134248619667987,0.0,0.0,0.0,0.0
ddpm_eps,pusht_high_temp_misaligned,uncertainty_aware_critic,2,8,1,0.09321401869868798,0.0,0.09321401869868798,0.09321401869868798,0.13084354106807275,0.0,0.13084354106807275,0.13084354106807275,0.12535610945815293,0.0,0.12535610945815293,0.12535610945815293,0.0,0.0,0.0,0.0
ddpm_eps,pusht_high_temp_misaligned,uncertainty_aware_critic,4,8,1,0.14168885636990297,0.0,0.14168885636990297,0.14168885636990297,0.18640112556593644,0.0,0.18640112556593644,0.18640112556593644,0.18406249887063325,0.0,0.18406249887063325,0.18406249887063325,0.0,0.0,0.0,0.0
ddpm_eps,pusht_high_temp_misaligned,uncertainty_aware_critic,8,8,1,0.190601625214873,0.0,0.190601625214873,0.190601625214873,0.239988154727163,0.0,0.239988154727163,0.239988154727163,0.2396527148586131,0.0,0.2396527148586131,0.2396527148586131,0.0,0.0,0.0,0.0
ddpm_eps,pusht_low_diversity,behavior_cloning_critic,1,8,1,-0.0019145122985839845,0.0,-0.0019145122985839845,-0.0019145122985839845,0.0,0.0,0.0,0.0,0.0,0.0,0.0,0.0,0.0,0.0,0.0,0.0
ddpm_eps,pusht_low_diversity,behavior_cloning_critic,2,8,1,-0.0019446226806640625,0.0,-0.0019446226806640625,-0.0019446226806640625,0.0,0.0,0.0,0.0,0.0,0.0,0.0,0.0,0.0,0.0,0.0,0.0
ddpm_eps,pusht_low_diversity,behavior_cloning_critic,4,8,1,-0.001992060588002205,0.0,-0.001992060588002205,-0.001992060588002205,0.0,0.0,0.0,0.0,0.0,0.0,0.0,0.0,0.0,0.0,0.0,0.0
ddpm_eps,pusht_low_diversity,behavior_cloning_critic,8,8,1,-0.0020511066299917,0.0,-0.0020511066299917,-0.0020511066299917,0.0,0.0,0.0,0.0,0.0,0.0,0.0,0.0,0.0,0.0,0.0,0.0
ddpm_eps,pusht_low_diversity,diffusion_internal_score,1,8,1,-0.001914512298583984,0.0,-0.001914512298583984,-0.001914512298583984,0.0,0.0,0.0,0.0,0.0,0.0,0.0,0.0,0.0,0.0,0.0,0.0
ddpm_eps,pusht_low_diversity,diffusion_internal_score,2,8,1,-0.001879192367553711,0.0,-0.001879192367553711,-0.001879192367553711,0.0,0.0,0.0,0.0,0.0,0.0,0.0,0.0,0.0,0.0,0.0,0.0
ddpm_eps,pusht_low_diversity,diffusion_internal_score,4,8,1,-0.0018468999571800231,0.0,-0.0018468999571800231,-0.0018468999571800231,0.0,0.0,0.0,0.0,0.0,0.0,0.0,0.0,0.0,0.0,0.0,0.0
ddpm_eps,pusht_low_diversity,diffusion_internal_score,8,8,1,-0.0017897766917255938,0.0,-0.0017897766917255938,-0.0017897766917255938,0.0,0.0,0.0,0.0,0.0,0.0,0.0,0.0,0.0,0.0,0.0,0.0
ddpm_eps,pusht_low_diversity,learned_value_critic_from_pilot_rollouts,1,8,1,-0.001914512298583984,0.0,-0.001914512298583984,-0.001914512298583984,0.0,0.0,0.0,0.0,0.0,0.0,0.0,0.0,0.0,0.0,0.0,0.0
ddpm_eps,pusht_low_diversity,learned_value_critic_from_pilot_rollouts,2,8,1,-0.0018303177032470703,0.0,-0.0018303177032470703,-0.0018303177032470703,0.0,0.0,0.0,0.0,0.0,0.0,0.0,0.0,0.0,0.0,0.0,0.0
ddpm_eps,pusht_low_diversity,learned_value_critic_from_pilot_rollouts,4,8,1,-0.001766791705608368,0.0,-0.001766791705608368,-0.001766791705608368,0.0,0.0,0.0,0.0,0.0,0.0,0.0,0.0,0.0,0.0,0.0,0.0
ddpm_eps,pusht_low_diversity,learned_value_critic_from_pilot_rollouts,8,8,1,-0.0017464992512429597,0.0,-0.0017464992512429597,-0.0017464992512429597,0.0,0.0,0.0,0.0,0.0,0.0,0.0,0.0,0.0,0.0,0.0,0.0
ddpm_eps,pusht_low_diversity,misaligned_corner_scorer,1,8,1,-0.0019145122985839843,0.0,-0.0019145122985839843,-0.0019145122985839843,0.0,0.0,0.0,0.0,0.0,0.0,0.0,0.0,0.0,0.0,0.0,0.0
ddpm_eps,pusht_low_diversity,misaligned_corner_scorer,2,8,1,-0.0018688947525024413,0.0,-0.0018688947525024413,-0.0018688947525024413,0.0,0.0,0.0,0.0,0.0,0.0,0.0,0.0,0.0,0.0,0.0,0.0
ddpm_eps,pusht_low_diversity,misaligned_corner_scorer,4,8,1,-0.0017684922654628754,0.0,-0.0017684922654628754,-0.0017684922654628754,0.0,0.0,0.0,0.0,0.0,0.0,0.0,0.0,0.0,0.0,0.0,0.0
ddpm_eps,pusht_low_diversity,misaligned_corner_scorer,8,8,1,-0.0016601736144304159,0.0,-0.0016601736144304159,-0.0016601736144304159,0.0,0.0,0.0,0.0,0.0,0.0,0.0,0.0,0.0,0.0,0.0,0.0
ddpm_eps,pusht_low_diversity,oracle_real_utility_selector,1,8,1,-0.001914512298583984,0.0,-0.001914512298583984,-0.001914512298583984,0.0,0.0,0.0,0.0,0.0,0.0,0.0,0.0,0.0,0.0,0.0,0.0
ddpm_eps,pusht_low_diversity,oracle_real_utility_selector,2,8,1,-0.0017913488388061525,0.0,-0.0017913488388061525,-0.0017913488388061525,0.0,0.0,0.0,0.0,0.0,0.0,0.0,0.0,0.0,0.0,0.0,0.0
ddpm_eps,pusht_low_diversity,oracle_real_utility_selector,4,8,1,-0.001700935334086418,0.0,-0.001700935334086418,-0.001700935334086418,0.0,0.0,0.0,0.0,0.0,0.0,0.0,0.0,0.0,0.0,0.0,0.0
ddpm_eps,pusht_low_diversity,oracle_real_utility_selector,8,8,1,-0.001638587656262418,0.0,-0.001638587656262418,-0.001638587656262418,0.0,0.0,0.0,0.0,0.0,0.0,0.0,0.0,0.0,0.0,0.0,0.0
ddpm_eps,pusht_low_diversity,random_sample_selection,1,8,1,-0.0019145122985839843,0.0,-0.0019145122985839843,-0.0019145122985839843,0.0,0.0,0.0,0.0,0.0,0.0,0.0,0.0,0.0,0.0,0.0,0.0
ddpm_eps,pusht_low_diversity,random_sample_selection,2,8,1,-0.0018552954940795898,0.0,-0.0018552954940795898,-0.0018552954940795898,0.0,0.0,0.0,0.0,0.0,0.0,0.0,0.0,0.0,0.0,0.0,0.0
ddpm_eps,pusht_low_diversity,random_sample_selection,4,8,1,-0.0018212343953847884,0.0,-0.0018212343953847884,-0.0018212343953847884,0.0,0.0,0.0,0.0,0.0,0.0,0.0,0.0,0.0,0.0,0.0,0.0
ddpm_eps,pusht_low_diversity,random_sample_selection,8,8,1,-0.0018146649855083961,0.0,-0.0018146649855083961,-0.0018146649855083961,0.0,0.0,0.0,0.0,0.0,0.0,0.0,0.0,0.0,0.0,0.0,0.0
ddpm_eps,pusht_low_diversity,uncertainty_aware_critic,1,8,1,-0.0019145122985839843,0.0,-0.0019145122985839843,-0.0019145122985839843,0.0,0.0,0.0,0.0,0.0,0.0,0.0,0.0,0.0,0.0,0.0,0.0
ddpm_eps,pusht_low_diversity,uncertainty_aware_critic,2,8,1,-0.0019160218849182129,0.0,-0.0019160218849182129,-0.0019160218849182129,0.0,0.0,0.0,0.0,0.0,0.0,0.0,0.0,0.0,0.0,0.0,0.0
ddpm_eps,pusht_low_diversity,uncertainty_aware_critic,4,8,1,-0.0019384083775877952,0.0,-0.0019384083775877952,-0.0019384083775877952,0.0,0.0,0.0,0.0,0.0,0.0,0.0,0.0,0.0,0.0,0.0,0.0
ddpm_eps,pusht_low_diversity,uncertainty_aware_critic,8,8,1,-0.0019134159468278374,0.0,-0.0019134159468278374,-0.0019134159468278374,0.0,0.0,0.0,0.0,0.0,0.0,0.0,0.0,0.0,0.0,0.0,0.0
